genesymbol,Padj_maxP_SH_BIO_1949634_10x_vs_SH_DMSO,dPSI_SH_BIO_1949634_10x_vs_SH_DMSO,Padj_maxP_SH_BIO_1949634_3x_vs_SH_DMSO,dPSI_SH_BIO_1949634_3x_vs_SH_DMSO,Padj_maxP_SH_BIO_2178782_10x_vs_SH_BIO_1949634_10x,dPSI_SH_BIO_2178782_10x_vs_SH_BIO_1949634_10x,Padj_maxP_SH_BIO_2178782_10x_vs_SH_DMSO,dPSI_SH_BIO_2178782_10x_vs_SH_DMSO,Padj_maxP_SH_BIO_2178782_3x_vs_SH_BIO_1949634_3x,dPSI_SH_BIO_2178782_3x_vs_SH_BIO_1949634_3x,Padj_maxP_SH_BIO_2178782_3x_vs_SH_DMSO,dPSI_SH_BIO_2178782_3x_vs_SH_DMSO,Padj_maxP_SH_BIO_2196772_10x_vs_SH_BIO_1949634_10x,dPSI_SH_BIO_2196772_10x_vs_SH_BIO_1949634_10x,Padj_maxP_SH_BIO_2196772_10x_vs_SH_DMSO,dPSI_SH_BIO_2196772_10x_vs_SH_DMSO,Padj_maxP_SH_BIO_2196772_3x_vs_SH_BIO_1949634_3x,dPSI_SH_BIO_2196772_3x_vs_SH_BIO_1949634_3x,Padj_maxP_SH_BIO_2196772_3x_vs_SH_DMSO,dPSI_SH_BIO_2196772_3x_vs_SH_DMSO,Padj_maxP_SH_BIO_2196895_10x_vs_SH_BIO_1949634_10x,dPSI_SH_BIO_2196895_10x_vs_SH_BIO_1949634_10x,Padj_maxP_SH_BIO_2196895_10x_vs_SH_DMSO,dPSI_SH_BIO_2196895_10x_vs_SH_DMSO,Padj_maxP_SH_BIO_2196895_3x_vs_SH_BIO_1949634_3x,dPSI_SH_BIO_2196895_3x_vs_SH_BIO_1949634_3x,Padj_maxP_SH_BIO_2196895_3x_vs_SH_DMSO,dPSI_SH_BIO_2196895_3x_vs_SH_DMSO,Padj_maxP_SH_BIO_2197306_10x_vs_SH_BIO_1949634_10x,dPSI_SH_BIO_2197306_10x_vs_SH_BIO_1949634_10x,Padj_maxP_SH_BIO_2197306_10x_vs_SH_DMSO,dPSI_SH_BIO_2197306_10x_vs_SH_DMSO,Padj_maxP_SH_BIO_2197306_3x_vs_SH_BIO_1949634_3x,dPSI_SH_BIO_2197306_3x_vs_SH_BIO_1949634_3x,Padj_maxP_SH_BIO_2197306_3x_vs_SH_DMSO,dPSI_SH_BIO_2197306_3x_vs_SH_DMSO,Padj_maxP_SH_BIO_2199562_10x_vs_SH_BIO_1949634_10x,dPSI_SH_BIO_2199562_10x_vs_SH_BIO_1949634_10x,Padj_maxP_SH_BIO_2199562_10x_vs_SH_DMSO,dPSI_SH_BIO_2199562_10x_vs_SH_DMSO,Padj_maxP_SH_BIO_2199562_3x_vs_SH_BIO_1949634_3x,dPSI_SH_BIO_2199562_3x_vs_SH_BIO_1949634_3x,Padj_maxP_SH_BIO_2199562_3x_vs_SH_DMSO,dPSI_SH_BIO_2199562_3x_vs_SH_DMSO,Padj_maxP_SH_BIO_2204984_10x_vs_SH_BIO_1949634_10x,dPSI_SH_BIO_2204984_10x_vs_SH_BIO_1949634_10x,Padj_maxP_SH_BIO_2204984_10x_vs_SH_DMSO,dPSI_SH_BIO_2204984_10x_vs_SH_DMSO,Padj_maxP_SH_BIO_2204984_3x_vs_SH_BIO_1949634_3x,dPSI_SH_BIO_2204984_3x_vs_SH_BIO_1949634_3x,Padj_maxP_SH_BIO_2204984_3x_vs_SH_DMSO,dPSI_SH_BIO_2204984_3x_vs_SH_DMSO,Padj_maxP_SH_BIO_2207180_10x_vs_SH_BIO_1949634_10x,dPSI_SH_BIO_2207180_10x_vs_SH_BIO_1949634_10x,Padj_maxP_SH_BIO_2207180_10x_vs_SH_DMSO,dPSI_SH_BIO_2207180_10x_vs_SH_DMSO,Padj_maxP_SH_BIO_2207180_3x_vs_SH_BIO_1949634_3x,dPSI_SH_BIO_2207180_3x_vs_SH_BIO_1949634_3x,Padj_maxP_SH_BIO_2207180_3x_vs_SH_DMSO,dPSI_SH_BIO_2207180_3x_vs_SH_DMSO
ABCB4,NA,NA,NA,NA,NA,NA,NA,NA,NA,NA,NA,NA,NA,NA,NA,NA,NA,NA,NA,NA,NA,NA,NA,NA,NA,NA,NA,NA,NA,NA,NA,NA,NA,NA,NA,NA,NA,NA,NA,NA,NA,NA,NA,NA,NA,NA,NA,NA,NA,NA,NA,NA,0.0289829171105437,0.287697089648033,NA,NA,NA,NA,NA,NA
ABCB8,NA,NA,NA,NA,1.25350273235195e-09,0.323715645193047,0,0.522,0,0.329,0,0.356,0,0.7,0,0.844,0.9875,0.5031,NA,NA,NA,NA,NA,NA,NA,NA,NA,NA,NA,NA,0,0.344,NA,NA,NA,NA,0,0.546,0,0.61,0,0.454,0,0.482,0,0.564,0,0.628,0.9537,0.4665,NA,NA,NA,NA,NA,NA,NA,NA,NA,NA
AC009022.1,5.16481822562381e-06,0.584770533073273,NA,NA,NA,NA,0.0492548400048894,0.765878924344647,0.00146672831258961,0.427892737225001,0.000723490314949604,0.505567090294129,0.000889108909779042,0.369144270960317,3.96754300023982e-07,0.954628254326183,0.0011130927410052,0.428131945648982,6.08910738316896e-07,0.576673380991654,NA,NA,0.000180126731558368,0.688340751946508,NA,NA,NA,NA,NA,NA,1.76824568750636e-06,0.786732942235511,NA,NA,0.00324879517473681,0.275015094615671,NA,NA,3.52713062894114e-07,0.790005388086422,0.000130693359168569,0.545487903281807,0.00016508483046421,0.640089315164477,NA,NA,1.51238912307435e-06,0.794129779757962,NA,NA,0.00260101141482378,0.276308894620449,NA,NA,NA,NA,NA,NA,NA,NA
AC009533.1,NA,NA,NA,NA,0.983,0.5433,NA,NA,NA,NA,NA,NA,NA,NA,NA,NA,NA,NA,NA,NA,NA,NA,NA,NA,NA,NA,NA,NA,NA,NA,NA,NA,NA,NA,NA,NA,NA,NA,NA,NA,NA,NA,NA,NA,NA,NA,NA,NA,NA,NA,NA,NA,NA,NA,NA,NA,NA,NA,NA,NA
AC015813.2,NA,NA,NA,NA,NA,NA,NA,NA,NA,NA,NA,NA,NA,NA,NA,NA,NA,NA,NA,NA,NA,NA,NA,NA,NA,NA,NA,NA,NA,NA,NA,NA,0.0407889576957592,0.818829749168784,NA,NA,NA,NA,NA,NA,NA,NA,NA,NA,NA,NA,NA,NA,NA,NA,NA,NA,NA,NA,NA,NA,NA,NA,NA,NA
AC016629.3,0.9642,0.3958,0.9994,0.4636,NA,NA,0.9073,0.3801,NA,NA,NA,NA,NA,NA,NA,NA,NA,NA,NA,NA,NA,NA,1,0.5268,NA,NA,0.947,0.3953,NA,NA,0.9723,0.4025,NA,NA,0.9979,0.4391,NA,NA,0.9868,0.4473,NA,NA,1,0.5114,NA,NA,NA,NA,NA,NA,0.9892,0.4487,NA,NA,NA,NA,NA,NA,0.9996,0.4881
AC022784.1,NA,NA,NA,NA,NA,NA,NA,NA,NA,NA,NA,NA,NA,NA,NA,NA,NA,NA,NA,NA,NA,NA,NA,NA,NA,NA,NA,NA,NA,NA,NA,NA,NA,NA,1.15199987036968e-05,0.318,NA,NA,NA,NA,NA,NA,NA,NA,NA,NA,NA,NA,NA,NA,NA,NA,NA,NA,NA,NA,NA,NA,NA,NA
AC093484.3,NA,NA,NA,NA,NA,NA,0.00183938937397382,0.350461026501018,NA,NA,NA,NA,NA,NA,0.00103968731509422,0.394093672393778,NA,NA,NA,NA,NA,NA,NA,NA,NA,NA,NA,NA,NA,NA,NA,NA,NA,NA,NA,NA,NA,NA,NA,NA,NA,NA,NA,NA,NA,NA,0.00233640287006003,0.356809985707125,NA,NA,NA,NA,NA,NA,NA,NA,NA,NA,NA,NA
AC105389.1,NA,NA,NA,NA,NA,NA,NA,NA,NA,NA,NA,NA,NA,NA,NA,NA,NA,NA,NA,NA,NA,NA,0.000889556921724488,0.424972556991771,NA,NA,NA,NA,NA,NA,0.000406254377570512,0.424164403198757,NA,NA,NA,NA,NA,NA,NA,NA,NA,NA,NA,NA,NA,NA,NA,NA,NA,NA,0.000212378911367657,0.396169125474284,NA,NA,NA,NA,NA,NA,NA,NA
AC114490.2,NA,NA,NA,NA,1,0.4701,1,0.4782,NA,NA,NA,NA,NA,NA,NA,NA,NA,NA,NA,NA,NA,NA,NA,NA,NA,NA,NA,NA,NA,NA,NA,NA,NA,NA,NA,NA,NA,NA,NA,NA,NA,NA,NA,NA,NA,NA,NA,NA,NA,NA,NA,NA,NA,NA,NA,NA,NA,NA,NA,NA
AC242426.2,NA,NA,NA,NA,NA,NA,NA,NA,NA,NA,NA,NA,NA,NA,NA,NA,NA,NA,NA,NA,NA,NA,NA,NA,NA,NA,NA,NA,0.00663098503022099,0.376093396149275,NA,NA,NA,NA,NA,NA,NA,NA,NA,NA,NA,NA,NA,NA,NA,NA,NA,NA,NA,NA,NA,NA,NA,NA,NA,NA,NA,NA,NA,NA
ADAM17,NA,NA,NA,NA,NA,NA,5.06477861384124e-07,0.619,NA,NA,NA,NA,NA,NA,4.72023026253607e-09,0.689,NA,NA,NA,NA,NA,NA,NA,NA,NA,NA,NA,NA,NA,NA,NA,NA,NA,NA,NA,NA,NA,NA,NA,NA,NA,NA,NA,NA,NA,NA,NA,NA,NA,NA,NA,NA,NA,NA,NA,NA,NA,NA,NA,NA
ADAM22,NA,NA,NA,NA,2.63755383899884e-12,0.531,1.38584636968126e-09,0.509,0,0.321,NA,NA,0,0.414,1.00440428920835e-12,0.391,NA,NA,NA,NA,NA,NA,NA,NA,NA,NA,NA,NA,7.36366849848172e-12,0.333,3.24391580264466e-08,0.31,NA,NA,NA,NA,0.9637,0.4813,NA,NA,NA,NA,NA,NA,NA,NA,NA,NA,NA,NA,NA,NA,NA,NA,NA,NA,NA,NA,NA,NA
ADAM23,NA,NA,NA,NA,NA,NA,3.24578621112909e-05,0.303,NA,NA,NA,NA,NA,NA,1.14338130993355e-07,0.32,NA,NA,NA,NA,NA,NA,NA,NA,NA,NA,NA,NA,NA,NA,NA,NA,NA,NA,NA,NA,NA,NA,1.91520171992653e-09,0.334,NA,NA,NA,NA,NA,NA,NA,NA,NA,NA,NA,NA,NA,NA,NA,NA,NA,NA,NA,NA
ADAMTS19,NA,NA,NA,NA,1.59941614789744e-12,0.756022774581653,2.72606291972573e-17,0.779720345201405,2.587972598299e-19,0.337254151240907,2.07616588121009e-20,0.344320995977941,1.01163964852937e-19,0.725920783522766,1.39258239435837e-25,0.750215443090087,NA,NA,NA,NA,NA,NA,NA,NA,NA,NA,NA,NA,8.57530649622903e-15,0.420104072344095,5.1538827880858e-16,0.427268392860664,NA,NA,NA,NA,1.00702345231412e-15,0.523692353477899,4.34982688234315e-21,0.545879537247533,1.41486261344254e-20,0.440537315541276,5.56207810808158e-19,0.4400944445528,3.3639852420987e-10,0.282497532213173,1.63266562549604e-15,0.30594619883263,NA,NA,NA,NA,NA,NA,NA,NA,NA,NA,NA,NA
ADCY3,NA,NA,NA,NA,0.000190988103918818,0.313130715941079,1.22681829212077e-05,0.359139117894653,NA,NA,NA,NA,NA,NA,NA,NA,NA,NA,NA,NA,NA,NA,NA,NA,NA,NA,NA,NA,NA,NA,NA,NA,NA,NA,NA,NA,NA,NA,NA,NA,NA,NA,NA,NA,NA,NA,NA,NA,NA,NA,NA,NA,NA,NA,NA,NA,NA,NA,NA,NA
ADGRL1,NA,NA,NA,NA,NA,NA,0.00152951618215767,0.254839000278646,NA,NA,NA,NA,1.21357936578342e-05,0.28718050476296,2.05903027204959e-07,0.35214329950856,NA,NA,NA,NA,NA,NA,NA,NA,NA,NA,NA,NA,NA,NA,NA,NA,NA,NA,NA,NA,0.000652398127397457,0.252039488624467,1.38033470688856e-05,0.316882085036693,NA,NA,2.48662923465065e-07,0.257275348616468,2.57687817039042e-06,0.301925559890105,9.37782513391021e-08,0.36656632324859,NA,NA,NA,NA,NA,NA,NA,NA,NA,NA,NA,NA
AKAP9,NA,NA,NA,NA,NA,NA,NA,NA,NA,NA,NA,NA,NA,NA,NA,NA,NA,NA,NA,NA,NA,NA,NA,NA,NA,NA,NA,NA,NA,NA,NA,NA,NA,NA,NA,NA,NA,NA,NA,NA,NA,NA,NA,NA,1.44893958064656e-06,0.314193760303145,0,0.34,NA,NA,NA,NA,NA,NA,NA,NA,NA,NA,NA,NA
AL137024.1,NA,NA,NA,NA,0.0489583000129127,0.295637637668332,NA,NA,NA,NA,NA,NA,NA,NA,NA,NA,NA,NA,NA,NA,NA,NA,NA,NA,NA,NA,NA,NA,NA,NA,NA,NA,NA,NA,NA,NA,NA,NA,NA,NA,NA,NA,NA,NA,NA,NA,NA,NA,NA,NA,NA,NA,NA,NA,NA,NA,NA,NA,NA,NA
AL358113.1,NA,NA,NA,NA,NA,NA,NA,NA,NA,NA,NA,NA,NA,NA,0.9872,0.4541,NA,NA,NA,NA,NA,NA,NA,NA,NA,NA,NA,NA,NA,NA,NA,NA,NA,NA,NA,NA,NA,NA,NA,NA,NA,NA,NA,NA,NA,NA,NA,NA,NA,NA,NA,NA,NA,NA,NA,NA,NA,NA,NA,NA
AL512353.1,NA,NA,NA,NA,NA,NA,NA,NA,NA,NA,NA,NA,NA,NA,NA,NA,NA,NA,NA,NA,NA,NA,NA,NA,NA,NA,NA,NA,NA,NA,NA,NA,0.0384496085565812,0.250381732349988,NA,NA,NA,NA,NA,NA,NA,NA,NA,NA,NA,NA,NA,NA,NA,NA,NA,NA,NA,NA,NA,NA,NA,NA,NA,NA
AL589743.1,NA,NA,NA,NA,0.9959,0.403,0.9997,0.4401,NA,NA,0.9752,0.3698,0.9597,0.3709,0.9965,0.4107,NA,NA,NA,NA,NA,NA,NA,NA,NA,NA,NA,NA,NA,NA,0.9606,0.3641,NA,NA,NA,NA,NA,NA,0.9166,0.3549,NA,NA,NA,NA,NA,NA,NA,NA,NA,NA,NA,NA,NA,NA,NA,NA,NA,NA,NA,NA
ANK1,NA,NA,NA,NA,NA,NA,NA,NA,2.07454246078039e-07,0.31,NA,NA,NA,NA,NA,NA,NA,NA,NA,NA,NA,NA,NA,NA,NA,NA,NA,NA,NA,NA,NA,NA,NA,NA,NA,NA,NA,NA,NA,NA,NA,NA,NA,NA,NA,NA,NA,NA,NA,NA,NA,NA,NA,NA,NA,NA,NA,NA,NA,NA
ANXA11,NA,NA,NA,NA,NA,NA,NA,NA,NA,NA,NA,NA,NA,NA,0.9892,0.3815,NA,NA,NA,NA,NA,NA,NA,NA,NA,NA,NA,NA,NA,NA,NA,NA,NA,NA,NA,NA,NA,NA,NA,NA,NA,NA,NA,NA,NA,NA,NA,NA,NA,NA,NA,NA,NA,NA,NA,NA,NA,NA,NA,NA
AP002495.1,NA,NA,NA,NA,NA,NA,NA,NA,NA,NA,NA,NA,NA,NA,0.00876843702981339,0.346676572915642,NA,NA,NA,NA,NA,NA,NA,NA,NA,NA,NA,NA,NA,NA,NA,NA,NA,NA,NA,NA,NA,NA,NA,NA,NA,NA,NA,NA,NA,NA,NA,NA,NA,NA,NA,NA,NA,NA,NA,NA,NA,NA,NA,NA
AP2M1,NA,NA,NA,NA,NA,NA,NA,NA,NA,NA,0.000285779733138705,0.49023132399494,NA,NA,NA,NA,0.0263325979770267,0.286440517419918,NA,NA,NA,NA,NA,NA,0.000308804248514443,0.287720260862001,NA,NA,NA,NA,NA,NA,NA,NA,NA,NA,NA,NA,NA,NA,NA,NA,NA,NA,NA,NA,NA,NA,NA,NA,NA,NA,NA,NA,NA,NA,NA,NA,NA,NA
APLP2,0,0.455,NA,NA,NA,NA,0,0.452,NA,NA,0,0.322,NA,NA,0,0.469,NA,NA,NA,NA,NA,NA,0,0.398,NA,NA,NA,NA,NA,NA,0,0.429,NA,NA,NA,NA,NA,NA,NA,NA,NA,NA,NA,NA,NA,NA,0,0.317,NA,NA,NA,NA,NA,NA,NA,NA,NA,NA,NA,NA
APPL2,NA,NA,NA,NA,0.947,0.3999,0.9996,0.5232,NA,NA,NA,NA,NA,NA,0.9998,0.4982,NA,NA,NA,NA,NA,NA,NA,NA,NA,NA,NA,NA,NA,NA,0.9661,0.4095,NA,NA,NA,NA,NA,NA,0.9849,0.4247,NA,NA,0.9156,0.3868,NA,NA,NA,NA,NA,NA,NA,NA,NA,NA,NA,NA,NA,NA,NA,NA
ARAP3,NA,NA,NA,NA,NA,NA,NA,NA,NA,NA,NA,NA,NA,NA,0.9085,0.3788,NA,NA,NA,NA,NA,NA,NA,NA,NA,NA,NA,NA,NA,NA,NA,NA,NA,NA,NA,NA,NA,NA,NA,NA,NA,NA,NA,NA,NA,NA,NA,NA,NA,NA,NA,NA,NA,NA,NA,NA,NA,NA,NA,NA
ARL15,NA,NA,NA,NA,0.0450457066408744,0.301958680801422,1,0.7456,1,0.6136,1,0.7751,0.0056086888603148,0.323290871955208,1,0.9297,0.9961,0.5005,1,0.6663,NA,NA,0.996,0.4844,NA,NA,NA,NA,0.0242789756835178,0.280318337675752,1,0.8123,NA,NA,0.9456,0.4153,0,0.659,0,0.865,1,0.6695,1,0.8612,0.9996,0.5331,1,0.7482,NA,NA,NA,NA,NA,NA,NA,NA,NA,NA,NA,NA
ARMCX6,NA,NA,NA,NA,NA,NA,NA,NA,NA,NA,NA,NA,1.74031299714483e-11,0.349748663592773,NA,NA,NA,NA,NA,NA,NA,NA,NA,NA,NA,NA,NA,NA,NA,NA,NA,NA,NA,NA,NA,NA,NA,NA,NA,NA,NA,NA,NA,NA,NA,NA,NA,NA,NA,NA,NA,NA,NA,NA,NA,NA,NA,NA,NA,NA
ASAP1,0,0.536,5.73753218165115e-06,0.284411571965601,NA,NA,0,0.753,0,0.49,0,0.717,NA,NA,0,0.816,0,0.522,0,0.749,NA,NA,0,0.707,NA,NA,0,0.436,NA,NA,0,0.776,0,0.45,0,0.677,NA,NA,0,0.802,0,0.558,0,0.785,NA,NA,0,0.775,0,0.38,0,0.607,NA,NA,0,0.518,NA,NA,0,0.451
ASAP2,NA,NA,NA,NA,NA,NA,0,0.428,NA,NA,0,0.406,NA,NA,0,0.454,NA,NA,0,0.388,NA,NA,0,0.366,NA,NA,NA,NA,NA,NA,0,0.401,NA,NA,0,0.356,NA,NA,0,0.409,NA,NA,0,0.408,NA,NA,0,0.392,NA,NA,0,0.311,NA,NA,NA,NA,NA,NA,NA,NA
ASCC3,NA,NA,NA,NA,NA,NA,0.00174151557667935,0.268763513223629,NA,NA,NA,NA,0.00441193131356241,0.313458184095193,8.19650230374368e-07,0.528465318317758,NA,NA,NA,NA,NA,NA,4.26048787583804e-05,0.377314244561347,NA,NA,NA,NA,NA,NA,9.33471454796171e-05,0.321411924747604,NA,NA,NA,NA,NA,NA,0.000130979049602653,0.363475995281164,0.00267320643880318,0.273811550203331,0.000106685745204353,0.307103829537528,0.00741714564558253,0.358743981157494,1.48980631490233e-05,0.576001191212758,NA,NA,0.000477927496713095,0.26813793528873,NA,NA,NA,NA,NA,NA,NA,NA
ASNS,NA,NA,NA,NA,NA,NA,6.18129494348822e-10,0.32,NA,NA,NA,NA,NA,NA,NA,NA,NA,NA,NA,NA,NA,NA,NA,NA,NA,NA,NA,NA,NA,NA,NA,NA,NA,NA,NA,NA,NA,NA,NA,NA,NA,NA,NA,NA,NA,NA,NA,NA,NA,NA,NA,NA,NA,NA,NA,NA,NA,NA,NA,NA
ASTN2,NA,NA,NA,NA,NA,NA,0.0320011893187301,0.309809495483093,NA,NA,NA,NA,0.0013423753707776,0.338185175085906,NA,NA,NA,NA,NA,NA,NA,NA,NA,NA,NA,NA,NA,NA,NA,NA,NA,NA,NA,NA,NA,NA,NA,NA,NA,NA,NA,NA,NA,NA,NA,NA,NA,NA,NA,NA,NA,NA,NA,NA,NA,NA,NA,NA,NA,NA
ATG16L2,NA,NA,NA,NA,NA,NA,NA,NA,NA,NA,NA,NA,NA,NA,NA,NA,NA,NA,NA,NA,NA,NA,0.0059490536298887,0.397,NA,NA,NA,NA,NA,NA,NA,NA,NA,NA,NA,NA,NA,NA,NA,NA,NA,NA,NA,NA,NA,NA,NA,NA,NA,NA,NA,NA,NA,NA,NA,NA,NA,NA,NA,NA
ATG2B,NA,NA,NA,NA,0.0491701169375406,0.259585016967352,0.0415372985671166,0.256357779383637,NA,NA,NA,NA,NA,NA,NA,NA,NA,NA,NA,NA,NA,NA,NA,NA,NA,NA,NA,NA,NA,NA,NA,NA,NA,NA,NA,NA,NA,NA,NA,NA,NA,NA,NA,NA,NA,NA,NA,NA,NA,NA,NA,NA,NA,NA,NA,NA,NA,NA,NA,NA
ATG9B,NA,NA,NA,NA,NA,NA,0.013242910760153,0.3,NA,NA,NA,NA,NA,NA,NA,NA,NA,NA,NA,NA,NA,NA,NA,NA,NA,NA,NA,NA,NA,NA,NA,NA,NA,NA,NA,NA,NA,NA,NA,NA,NA,NA,NA,NA,NA,NA,NA,NA,NA,NA,NA,NA,NA,NA,NA,NA,NA,NA,NA,NA
ATP5PO,NA,NA,NA,NA,NA,NA,NA,NA,NA,NA,NA,NA,NA,NA,NA,NA,NA,NA,NA,NA,NA,NA,NA,NA,NA,NA,NA,NA,NA,NA,NA,NA,NA,NA,NA,NA,NA,NA,8.70210495698164e-05,0.31,NA,NA,NA,NA,NA,NA,NA,NA,NA,NA,NA,NA,NA,NA,NA,NA,NA,NA,NA,NA
ATP7B,NA,NA,NA,NA,NA,NA,NA,NA,NA,NA,NA,NA,0.00221865079487292,0.464,0.006768965115412,0.402,NA,NA,NA,NA,NA,NA,NA,NA,NA,NA,NA,NA,NA,NA,NA,NA,NA,NA,NA,NA,NA,NA,NA,NA,NA,NA,NA,NA,NA,NA,NA,NA,NA,NA,NA,NA,NA,NA,NA,NA,NA,NA,NA,NA
AXIN1,NA,NA,NA,NA,NA,NA,2.95559111002172e-10,0.499,NA,NA,0,0.338,0,0.381,0,0.609,NA,NA,2.40198601749818e-12,0.323,NA,NA,0.000237126434968843,0.31,NA,NA,NA,NA,NA,NA,0,0.495,NA,NA,0.00013705686480089,0.250591605721483,0,0.31,0,0.539,0,0.347,0,0.463,NA,NA,0,0.49,NA,NA,0.000740090800576343,0.28038822619675,NA,NA,NA,NA,NA,NA,NA,NA
BCAM,NA,NA,NA,NA,NA,NA,NA,NA,NA,NA,NA,NA,NA,NA,NA,NA,NA,NA,NA,NA,NA,NA,NA,NA,NA,NA,NA,NA,0.0102453118127677,0.383,NA,NA,NA,NA,NA,NA,NA,NA,NA,NA,NA,NA,NA,NA,NA,NA,NA,NA,NA,NA,NA,NA,NA,NA,NA,NA,NA,NA,NA,NA
BECN1,NA,NA,NA,NA,1,0.4775,1,0.4812,NA,NA,NA,NA,1,0.4742,1,0.4756,NA,NA,NA,NA,NA,NA,NA,NA,NA,NA,NA,NA,NA,NA,NA,NA,NA,NA,NA,NA,NA,NA,NA,NA,NA,NA,NA,NA,NA,NA,NA,NA,NA,NA,NA,NA,NA,NA,NA,NA,NA,NA,NA,NA
BMS1P17,NA,NA,NA,NA,NA,NA,0.9901,0.3888,NA,NA,NA,NA,NA,NA,0.9649,0.3709,NA,NA,NA,NA,NA,NA,NA,NA,NA,NA,NA,NA,NA,NA,NA,NA,NA,NA,NA,NA,NA,NA,NA,NA,NA,NA,NA,NA,NA,NA,NA,NA,NA,NA,NA,NA,NA,NA,NA,NA,NA,NA,NA,NA
BMS1P22,NA,NA,NA,NA,0.9863,0.452,1,0.5739,NA,NA,NA,NA,NA,NA,NA,NA,NA,NA,NA,NA,NA,NA,NA,NA,NA,NA,NA,NA,NA,NA,NA,NA,NA,NA,NA,NA,NA,NA,NA,NA,NA,NA,NA,NA,NA,NA,NA,NA,NA,NA,NA,NA,NA,NA,NA,NA,NA,NA,NA,NA
BPHL,NA,NA,NA,NA,NA,NA,NA,NA,NA,NA,NA,NA,NA,NA,1.78618908066054e-05,0.322,NA,NA,NA,NA,NA,NA,NA,NA,NA,NA,NA,NA,NA,NA,NA,NA,NA,NA,NA,NA,NA,NA,NA,NA,NA,NA,NA,NA,NA,NA,NA,NA,NA,NA,NA,NA,NA,NA,NA,NA,NA,NA,NA,NA
C12orf4,NA,NA,NA,NA,0.0161110939003002,0.457928771391855,2.14123581807029e-05,0.782833076765859,0.9737,0.3989,0.9818,0.4012,1.28375943214923e-05,0.362659131331417,1.83591980715542e-10,0.652278961754988,NA,NA,NA,NA,NA,NA,0.0455883895787487,0.330490920613907,NA,NA,NA,NA,NA,NA,2.04703933335134e-07,0.411795814473746,NA,NA,NA,NA,NA,NA,2.66752477619981e-05,0.470190651290964,NA,NA,6.84115613886041e-05,0.280270250212411,NA,NA,1.3273985455277e-05,0.274610922732707,NA,NA,NA,NA,0.0292858784213448,0.281547427843162,NA,NA,NA,NA,NA,NA
C14orf132,NA,NA,NA,NA,4.03702943948613e-08,0.346,0,0.403,3.97498418797204e-09,0.344253130444638,1.14208655481456e-10,0.368334296568762,0,0.352,0,0.409,3.05461299536588e-07,0.306932647479964,1.94060406268909e-09,0.328899800742848,NA,NA,0.00536423702962216,0.284393177889575,NA,NA,NA,NA,9.70048821577538e-09,0.377105707777977,0,0.314,NA,NA,NA,NA,1.63034898650822e-09,0.382865596998043,0,0.316,3.1419491058848e-10,0.376195023105772,1.15748589521936e-12,0.397867227737706,5.44212596270271e-08,0.277180797746406,2.4202579028025e-11,0.377522009107315,NA,NA,NA,NA,NA,NA,NA,NA,NA,NA,NA,NA
C1RL-AS1,NA,NA,NA,NA,NA,NA,NA,NA,NA,NA,NA,NA,NA,NA,NA,NA,NA,NA,NA,NA,NA,NA,NA,NA,NA,NA,NA,NA,NA,NA,NA,NA,0.00374788290635882,0.315,NA,NA,NA,NA,NA,NA,NA,NA,NA,NA,NA,NA,NA,NA,NA,NA,NA,NA,NA,NA,NA,NA,NA,NA,NA,NA
C9orf78,NA,NA,NA,NA,NA,NA,NA,NA,NA,NA,NA,NA,NA,NA,NA,NA,NA,NA,NA,NA,NA,NA,NA,NA,NA,NA,NA,NA,NA,NA,NA,NA,NA,NA,NA,NA,NA,NA,NA,NA,NA,NA,NA,NA,0.000386106685720634,0.284000274709358,0.00132744987484478,0.298510801858628,NA,NA,NA,NA,NA,NA,NA,NA,NA,NA,NA,NA
CACNA1B,NA,NA,NA,NA,NA,NA,NA,NA,NA,NA,NA,NA,NA,NA,NA,NA,NA,NA,NA,NA,NA,NA,NA,NA,NA,NA,NA,NA,0.000713412957843771,0.428509866431455,0.000994598831231107,0.419171277035454,NA,NA,NA,NA,NA,NA,NA,NA,NA,NA,NA,NA,NA,NA,NA,NA,0.00567120418585398,0.29639303762738,NA,NA,NA,NA,NA,NA,NA,NA,0.000508820606380724,0.418864552575947
CACNA2D1,NA,NA,NA,NA,0.000240205277439487,0.473827402634264,0.00194510214191905,0.478752763546393,NA,NA,NA,NA,NA,NA,NA,NA,NA,NA,NA,NA,NA,NA,NA,NA,NA,NA,NA,NA,NA,NA,NA,NA,NA,NA,NA,NA,NA,NA,NA,NA,NA,NA,NA,NA,NA,NA,NA,NA,NA,NA,NA,NA,NA,NA,NA,NA,NA,NA,NA,NA
CADPS,NA,NA,NA,NA,NA,NA,NA,NA,NA,NA,0.0397690646447253,0.273802025993684,NA,NA,NA,NA,NA,NA,NA,NA,NA,NA,NA,NA,NA,NA,NA,NA,NA,NA,NA,NA,NA,NA,NA,NA,NA,NA,NA,NA,NA,NA,NA,NA,NA,NA,NA,NA,NA,NA,NA,NA,NA,NA,NA,NA,NA,NA,NA,NA
CAND2,1,0.6458,0.9782,0.422,NA,NA,1,0.5494,NA,NA,0.9996,0.5349,NA,NA,0.9567,0.419,NA,NA,NA,NA,NA,NA,0.9541,0.4137,NA,NA,NA,NA,NA,NA,NA,NA,NA,NA,NA,NA,0.9511,0.4007,NA,NA,NA,NA,NA,NA,0.9946,0.4568,NA,NA,NA,NA,NA,NA,NA,NA,NA,NA,NA,NA,NA,NA
CATSPER2,NA,NA,NA,NA,NA,NA,NA,NA,0.0051115781028466,0.371,NA,NA,NA,NA,NA,NA,0.00387990684898691,0.425,NA,NA,NA,NA,NA,NA,NA,NA,NA,NA,NA,NA,NA,NA,NA,NA,NA,NA,NA,NA,NA,NA,NA,NA,NA,NA,NA,NA,NA,NA,0.00452266679324532,0.354,NA,NA,NA,NA,NA,NA,NA,NA,NA,NA
CCDC189,NA,NA,NA,NA,NA,NA,NA,NA,NA,NA,NA,NA,NA,NA,NA,NA,0.0446376839984393,0.270159160476239,NA,NA,NA,NA,NA,NA,NA,NA,NA,NA,NA,NA,NA,NA,NA,NA,NA,NA,NA,NA,NA,NA,NA,NA,NA,NA,NA,NA,NA,NA,NA,NA,NA,NA,NA,NA,NA,NA,NA,NA,NA,NA
CCT7,NA,NA,NA,NA,NA,NA,5.64882957554935e-05,0.414,NA,NA,NA,NA,NA,NA,NA,NA,NA,NA,NA,NA,NA,NA,NA,NA,NA,NA,NA,NA,NA,NA,NA,NA,NA,NA,NA,NA,NA,NA,NA,NA,NA,NA,NA,NA,NA,NA,NA,NA,NA,NA,NA,NA,NA,NA,NA,NA,NA,NA,NA,NA
CDC37L1,NA,NA,NA,NA,NA,NA,NA,NA,NA,NA,NA,NA,0.0282949746943802,0.276705284757173,0.00263467461404883,0.316506656875925,NA,NA,NA,NA,NA,NA,NA,NA,NA,NA,NA,NA,NA,NA,NA,NA,NA,NA,NA,NA,NA,NA,NA,NA,NA,NA,NA,NA,NA,NA,0.0024871283335549,0.259435635002437,NA,NA,NA,NA,NA,NA,NA,NA,NA,NA,NA,NA
CENPI,NA,NA,NA,NA,NA,NA,0.99,0.3996,NA,NA,NA,NA,NA,NA,NA,NA,NA,NA,NA,NA,NA,NA,NA,NA,NA,NA,NA,NA,NA,NA,NA,NA,NA,NA,NA,NA,NA,NA,NA,NA,NA,NA,NA,NA,NA,NA,NA,NA,NA,NA,NA,NA,NA,NA,NA,NA,NA,NA,NA,NA
CHD9,NA,NA,NA,NA,NA,NA,1.2279313634972e-05,0.319776736984759,NA,NA,NA,NA,7.34420343326806e-11,0.312035853514003,1.3417482620727e-06,0.423,NA,NA,5.76728377399346e-05,0.41,NA,NA,NA,NA,NA,NA,NA,NA,0.000949063797859843,0.333,5.81109525111238e-12,0.310021877324511,NA,NA,NA,NA,NA,NA,NA,NA,NA,NA,NA,NA,NA,NA,NA,NA,NA,NA,NA,NA,NA,NA,NA,NA,NA,NA,NA,NA
CHEK1,NA,NA,NA,NA,NA,NA,0.953,0.4111,NA,NA,NA,NA,NA,NA,0.998,0.4715,NA,NA,NA,NA,NA,NA,NA,NA,NA,NA,NA,NA,NA,NA,NA,NA,NA,NA,NA,NA,NA,NA,0.9528,0.4028,NA,NA,0.9822,0.428,NA,NA,0.9735,0.4234,NA,NA,NA,NA,NA,NA,NA,NA,NA,NA,NA,NA
CIP2A,NA,NA,NA,NA,0.00399841279582464,0.335901482821765,0.000167550592016958,0.374262343726431,NA,NA,NA,NA,0.000262158691524852,0.400185207120895,1.49033234090787e-05,0.43894370693479,NA,NA,NA,NA,NA,NA,NA,NA,NA,NA,NA,NA,NA,NA,2.62923022873478e-06,0.268872060020602,NA,NA,NA,NA,NA,NA,3.75141680947434e-05,0.282821588643603,NA,NA,NA,NA,0.000572025431158888,0.309136911570487,1.81350608851472e-05,0.347989320619799,NA,NA,NA,NA,NA,NA,NA,NA,NA,NA,NA,NA
CLASP2,NA,NA,NA,NA,0.0482114578899246,0.508046523679728,NA,NA,NA,NA,NA,NA,NA,NA,NA,NA,NA,NA,4.63153225293811e-05,0.35072729481847,NA,NA,NA,NA,NA,NA,NA,NA,NA,NA,NA,NA,NA,NA,NA,NA,0.0403230045427286,0.511416899359753,NA,NA,0.0137449689108013,0.518684596990718,NA,NA,NA,NA,NA,NA,NA,NA,NA,NA,NA,NA,NA,NA,NA,NA,NA,NA
CLK4,NA,NA,NA,NA,NA,NA,NA,NA,NA,NA,NA,NA,NA,NA,0.000292809535931573,0.326,NA,NA,NA,NA,NA,NA,NA,NA,NA,NA,NA,NA,NA,NA,NA,NA,NA,NA,NA,NA,NA,NA,NA,NA,NA,NA,NA,NA,NA,NA,NA,NA,NA,NA,NA,NA,NA,NA,NA,NA,NA,NA,NA,NA
CMAHP,NA,NA,NA,NA,NA,NA,NA,NA,NA,NA,NA,NA,NA,NA,NA,NA,NA,NA,NA,NA,NA,NA,NA,NA,NA,NA,0.0176429166054758,0.428427051506493,NA,NA,NA,NA,NA,NA,NA,NA,NA,NA,NA,NA,NA,NA,NA,NA,NA,NA,NA,NA,NA,NA,NA,NA,NA,NA,0.9647,0.5136,NA,NA,NA,NA
CNOT1,NA,NA,NA,NA,NA,NA,NA,NA,NA,NA,NA,NA,NA,NA,NA,NA,NA,NA,NA,NA,NA,NA,NA,NA,NA,NA,NA,NA,NA,NA,NA,NA,NA,NA,NA,NA,NA,NA,NA,NA,NA,NA,NA,NA,NA,NA,0.000392403457326111,0.253688316250269,NA,NA,NA,NA,NA,NA,NA,NA,NA,NA,NA,NA
CNTN1,NA,NA,NA,NA,0.00312088159685437,0.342068117861393,0.000130969460836961,0.395523151901258,NA,NA,0.00236727585020804,0.260692576472573,6.63830507936873e-06,0.411792501038302,1.01148320248499e-06,0.466369327345581,NA,NA,NA,NA,NA,NA,NA,NA,NA,NA,NA,NA,0.00326597957876117,0.263669372386745,0.000254524834707256,0.318538634198855,NA,NA,NA,NA,0.00272132323514708,0.2841328228397,0.000224449005160446,0.337111804098739,0.00719206714448827,0.316274788068628,0.00121336365057887,0.330284271486299,NA,NA,0.00866208530225072,0.28762195477066,NA,NA,NA,NA,NA,NA,NA,NA,NA,NA,NA,NA
COPS7B,NA,NA,NA,NA,NA,NA,0,0.425,NA,NA,NA,NA,NA,NA,0,0.492,NA,NA,NA,NA,NA,NA,NA,NA,NA,NA,NA,NA,NA,NA,0,0.358,NA,NA,NA,NA,NA,NA,0,0.335,NA,NA,NA,NA,NA,NA,NA,NA,NA,NA,NA,NA,NA,NA,NA,NA,NA,NA,NA,NA
CRYM,NA,NA,NA,NA,0.9855,0.5436,0.9929,0.5245,NA,NA,NA,NA,NA,NA,NA,NA,NA,NA,NA,NA,NA,NA,NA,NA,NA,NA,NA,NA,NA,NA,NA,NA,NA,NA,NA,NA,NA,NA,NA,NA,NA,NA,NA,NA,NA,NA,NA,NA,NA,NA,NA,NA,NA,NA,NA,NA,NA,NA,NA,NA
CYTH1,NA,NA,NA,NA,NA,NA,0.0115602941230393,0.42902190295777,NA,NA,NA,NA,NA,NA,NA,NA,NA,NA,NA,NA,NA,NA,NA,NA,NA,NA,NA,NA,NA,NA,NA,NA,0.0468482111416985,0.405876890862098,0.030230572371448,0.402319186064173,NA,NA,NA,NA,NA,NA,NA,NA,NA,NA,NA,NA,NA,NA,NA,NA,NA,NA,NA,NA,0.0456588035056385,0.437581466802253,0.0411485938014191,0.43419439955679
CYTH2,NA,NA,NA,NA,NA,NA,NA,NA,NA,NA,NA,NA,NA,NA,NA,NA,1.66732848001572e-11,0.353054784651013,0.000806515337283806,0.357128693797267,NA,NA,NA,NA,NA,NA,NA,NA,NA,NA,NA,NA,NA,NA,NA,NA,NA,NA,NA,NA,NA,NA,NA,NA,NA,NA,NA,NA,NA,NA,NA,NA,NA,NA,NA,NA,NA,NA,NA,NA
DALRD3,NA,NA,NA,NA,NA,NA,NA,NA,NA,NA,NA,NA,NA,NA,NA,NA,NA,NA,NA,NA,NA,NA,NA,NA,NA,NA,NA,NA,NA,NA,NA,NA,NA,NA,NA,NA,NA,NA,NA,NA,NA,NA,NA,NA,NA,NA,NA,NA,NA,NA,NA,NA,NA,NA,NA,NA,NA,NA,0.00330056024334454,0.284415047199542
DCAF17,NA,NA,NA,NA,0.00553441997577117,0.298488051926597,0.000681577252258987,0.302784742895686,NA,NA,NA,NA,NA,NA,NA,NA,NA,NA,NA,NA,NA,NA,NA,NA,NA,NA,NA,NA,NA,NA,NA,NA,NA,NA,NA,NA,NA,NA,NA,NA,NA,NA,NA,NA,NA,NA,NA,NA,NA,NA,NA,NA,NA,NA,NA,NA,NA,NA,NA,NA
DCAF7,NA,NA,NA,NA,NA,NA,NA,NA,NA,NA,NA,NA,NA,NA,NA,NA,NA,NA,NA,NA,NA,NA,NA,NA,NA,NA,NA,NA,NA,NA,NA,NA,NA,NA,0.0240538813819163,0.310551747850701,NA,NA,NA,NA,NA,NA,NA,NA,NA,NA,0.047398935369235,0.322776530547138,NA,NA,NA,NA,NA,NA,NA,NA,NA,NA,NA,NA
DDX19B,NA,NA,NA,NA,NA,NA,NA,NA,NA,NA,NA,NA,NA,NA,NA,NA,NA,NA,0.0187637854842542,0.406636039618256,NA,NA,NA,NA,NA,NA,NA,NA,NA,NA,NA,NA,NA,NA,0.0281635317330175,0.315130857030159,NA,NA,NA,NA,NA,NA,NA,NA,NA,NA,NA,NA,NA,NA,NA,NA,NA,NA,0.0406477836402956,0.419343621625549,NA,NA,NA,NA
DECR2,NA,NA,NA,NA,NA,NA,NA,NA,NA,NA,NA,NA,NA,NA,0.018525025035331,0.261640275441593,NA,NA,NA,NA,NA,NA,NA,NA,NA,NA,NA,NA,NA,NA,NA,NA,NA,NA,NA,NA,NA,NA,NA,NA,NA,NA,NA,NA,NA,NA,NA,NA,NA,NA,NA,NA,NA,NA,NA,NA,NA,NA,NA,NA
DENND5A,0,0.737,NA,NA,NA,NA,0,0.421,NA,NA,NA,NA,NA,NA,0,0.303,NA,NA,NA,NA,NA,NA,1.83482158533544e-07,0.596,NA,NA,NA,NA,NA,NA,3.19008507966216e-07,0.533,NA,NA,NA,NA,1.82552627784393e-08,0.391,NA,NA,NA,NA,NA,NA,5.05045954460704e-07,0.345,NA,NA,NA,NA,NA,NA,0.00167243844562276,0.525,NA,NA,NA,NA,NA,NA
DHFR,NA,NA,NA,NA,NA,NA,5.10072420607558e-07,0.464490473039825,NA,NA,3.19423753226562e-13,0.285176314994261,1,0.5187,3.76405692175216e-15,0.652936718474744,NA,NA,9.80004721620735e-12,0.303734091504612,NA,NA,6.84117466255874e-06,0.271708643050433,NA,NA,NA,NA,NA,NA,1.79382067501046e-11,0.41903080229687,NA,NA,NA,NA,0.9999,0.3808,4.02109627190339e-12,0.535979138126681,0.9962,0.3719,2.1467895749443e-13,0.436476337012091,0.9604,0.3567,1,0.4154,NA,NA,NA,NA,NA,NA,NA,NA,NA,NA,NA,NA
DIAPH3,NA,NA,NA,NA,NA,NA,0.000292041438805133,0.368651778984136,NA,NA,NA,NA,NA,NA,NA,NA,NA,NA,NA,NA,NA,NA,NA,NA,NA,NA,NA,NA,NA,NA,NA,NA,NA,NA,NA,NA,NA,NA,NA,NA,NA,NA,NA,NA,NA,NA,NA,NA,NA,NA,NA,NA,NA,NA,NA,NA,NA,NA,NA,NA
DLG2,NA,NA,NA,NA,0.0312491022659987,0.355719966808337,0.017535353992159,0.35571563306212,NA,NA,NA,NA,NA,NA,NA,NA,NA,NA,NA,NA,NA,NA,NA,NA,NA,NA,NA,NA,NA,NA,NA,NA,NA,NA,NA,NA,NA,NA,NA,NA,NA,NA,NA,NA,NA,NA,NA,NA,NA,NA,NA,NA,NA,NA,NA,NA,NA,NA,NA,NA
DLGAP4,NA,NA,NA,NA,NA,NA,1.15480870605109e-09,0.253202265712478,NA,NA,NA,NA,NA,NA,NA,NA,NA,NA,NA,NA,NA,NA,NA,NA,NA,NA,NA,NA,NA,NA,NA,NA,NA,NA,NA,NA,NA,NA,NA,NA,NA,NA,NA,NA,NA,NA,NA,NA,NA,NA,NA,NA,NA,NA,NA,NA,NA,NA,NA,NA
DNAJC27,NA,NA,NA,NA,NA,NA,NA,NA,NA,NA,NA,NA,NA,NA,0.000465707062150797,0.303811761993463,NA,NA,NA,NA,NA,NA,NA,NA,NA,NA,0.0165300114591847,0.294656836375742,NA,NA,0.0435404387780164,0.280425975793069,NA,NA,NA,NA,NA,NA,NA,NA,NA,NA,NA,NA,NA,NA,0.00867334861019004,0.286474465728852,NA,NA,NA,NA,NA,NA,NA,NA,NA,NA,NA,NA
DOCK9,NA,NA,NA,NA,NA,NA,NA,NA,0.017153352358455,0.408,0.0129503668854607,0.408,NA,NA,NA,NA,NA,NA,NA,NA,NA,NA,NA,NA,NA,NA,NA,NA,NA,NA,NA,NA,NA,NA,NA,NA,NA,NA,NA,NA,NA,NA,NA,NA,NA,NA,NA,NA,NA,NA,NA,NA,NA,NA,NA,NA,NA,NA,NA,NA
DPH1,NA,NA,NA,NA,NA,NA,NA,NA,NA,NA,NA,NA,NA,NA,6.31871797501341e-08,0.380929034979016,NA,NA,NA,NA,NA,NA,NA,NA,NA,NA,NA,NA,NA,NA,NA,NA,NA,NA,NA,NA,NA,NA,NA,NA,NA,NA,NA,NA,NA,NA,NA,NA,NA,NA,NA,NA,NA,NA,NA,NA,NA,NA,NA,NA
DUXAP9,NA,NA,NA,NA,0.9936,0.4091,0.9909,0.4053,NA,NA,NA,NA,NA,NA,NA,NA,NA,NA,NA,NA,NA,NA,NA,NA,NA,NA,NA,NA,NA,NA,NA,NA,NA,NA,NA,NA,NA,NA,NA,NA,NA,NA,NA,NA,NA,NA,NA,NA,NA,NA,NA,NA,NA,NA,NA,NA,NA,NA,NA,NA
DYRK1A,NA,NA,NA,NA,NA,NA,0.0388959867617274,0.277173332962977,NA,NA,NA,NA,NA,NA,NA,NA,NA,NA,NA,NA,NA,NA,NA,NA,NA,NA,NA,NA,NA,NA,NA,NA,NA,NA,NA,NA,NA,NA,NA,NA,NA,NA,NA,NA,NA,NA,NA,NA,NA,NA,NA,NA,NA,NA,NA,NA,NA,NA,NA,NA
EHHADH,NA,NA,NA,NA,8.6426317560471e-06,0.446,1.25160238685268e-09,0.526,0.9688,0.4815,0.981,0.4917,0.9584,0.5145,0.9997,0.6328,NA,NA,NA,NA,NA,NA,NA,NA,NA,NA,NA,NA,NA,NA,NA,NA,NA,NA,NA,NA,0.00284673495709666,0.332,1.78300366780132e-06,0.412,0.9434,0.4383,0.9067,0.4172,NA,NA,NA,NA,NA,NA,NA,NA,NA,NA,NA,NA,NA,NA,NA,NA
ELF2,NA,NA,NA,NA,NA,NA,0.0115602941230393,0.266885992521031,NA,NA,NA,NA,NA,NA,0.000861153434801552,0.252422721625888,NA,NA,NA,NA,NA,NA,NA,NA,NA,NA,NA,NA,NA,NA,NA,NA,NA,NA,NA,NA,NA,NA,0.00080010102900534,0.25858595416256,NA,NA,NA,NA,NA,NA,0.000710470849346544,0.264779548225481,NA,NA,NA,NA,NA,NA,NA,NA,NA,NA,NA,NA
ELMO2,NA,NA,NA,NA,NA,NA,2.39398387099109e-06,0.381,NA,NA,NA,NA,NA,NA,NA,NA,NA,NA,NA,NA,NA,NA,NA,NA,NA,NA,NA,NA,NA,NA,NA,NA,NA,NA,NA,NA,NA,NA,NA,NA,NA,NA,NA,NA,NA,NA,NA,NA,NA,NA,NA,NA,NA,NA,NA,NA,NA,NA,NA,NA
EMSY,NA,NA,NA,NA,NA,NA,2.57166130083367e-05,0.431828490110012,NA,NA,NA,NA,0.00373774939081198,0.284408599599792,5.81127558193789e-09,0.504926310813957,NA,NA,NA,NA,NA,NA,3.94370115009387e-05,0.262015298143007,NA,NA,NA,NA,NA,NA,1.41350129906014e-07,0.328584445600651,NA,NA,NA,NA,NA,NA,NA,NA,NA,NA,2.8066079786446e-07,0.276251663097425,NA,NA,7.6358877479538e-08,0.381877494437293,NA,NA,NA,NA,NA,NA,NA,NA,NA,NA,NA,NA
ENAH,NA,NA,NA,NA,NA,NA,1,0.4645,NA,NA,NA,NA,0.9906,0.3912,1,0.5954,NA,NA,0.9843,0.3708,NA,NA,0.9989,0.3955,NA,NA,NA,NA,NA,NA,1,0.4572,NA,NA,NA,NA,NA,NA,1,0.4915,0.9833,0.3708,1,0.4542,NA,NA,1,0.5204,NA,NA,NA,NA,NA,NA,NA,NA,NA,NA,NA,NA
ENOX1,NA,NA,NA,NA,NA,NA,NA,NA,NA,NA,NA,NA,0.912,0.4322,NA,NA,NA,NA,NA,NA,NA,NA,NA,NA,NA,NA,NA,NA,NA,NA,NA,NA,NA,NA,NA,NA,NA,NA,NA,NA,NA,NA,NA,NA,NA,NA,NA,NA,NA,NA,NA,NA,NA,NA,NA,NA,NA,NA,NA,NA
ERGIC3,NA,NA,NA,NA,NA,NA,0,0.371,NA,NA,0,0.343,NA,NA,0,0.404,NA,NA,0,0.347,NA,NA,0,0.328,NA,NA,NA,NA,NA,NA,0,0.382,NA,NA,0,0.315,NA,NA,0,0.396,NA,NA,0,0.364,NA,NA,0,0.367,NA,NA,0,0.304,NA,NA,NA,NA,NA,NA,NA,NA
EVC,NA,NA,NA,NA,0.00316883783260779,0.608168400168162,9.72534441325601e-05,0.714602749265089,0.000222940511109491,0.442865016562559,1.9911318654914e-06,0.487402798617411,2.68842384875804e-07,0.653807057376352,2.66237399979119e-09,0.761466264074765,0.00467938459020207,0.278529422515262,2.25425837676714e-05,0.321458461870566,NA,NA,NA,NA,NA,NA,NA,NA,0.0069357918577468,0.312502528105914,5.62546334111195e-06,0.421625968300183,NA,NA,NA,NA,5.26037015934465e-05,0.516266038270273,4.0592107503733e-07,0.625071716229527,3.7625731703172e-05,0.420242580006268,1.82178625367539e-07,0.464932082101953,0.00130363018319661,0.314588934933277,8.75070197346856e-07,0.420511344418653,NA,NA,NA,NA,NA,NA,NA,NA,NA,NA,NA,NA
EWSR1,NA,NA,NA,NA,NA,NA,NA,NA,NA,NA,NA,NA,NA,NA,0,0.323,NA,NA,NA,NA,NA,NA,NA,NA,NA,NA,NA,NA,NA,NA,NA,NA,NA,NA,NA,NA,NA,NA,NA,NA,NA,NA,NA,NA,NA,NA,NA,NA,NA,NA,NA,NA,NA,NA,NA,NA,NA,NA,NA,NA
EXOC6B,NA,NA,NA,NA,1.53293717615501e-05,0.461,4.59880348876279e-09,0.532,0.000222940511109491,0.266668133954349,4.26556846657404e-06,0.315757433062569,0,0.441,0,0.512,NA,NA,NA,NA,NA,NA,0.00936341991586999,0.323197045434518,NA,NA,NA,NA,0.00471931515937029,0.291936555797565,1.76397686023542e-08,0.343,NA,NA,NA,NA,2.35259146167168e-05,0.308973512292706,2.51405377997062e-13,0.353,2.48727721971099e-08,0.314,2.44079054156418e-12,0.356,NA,NA,0.000579034124386578,0.266977924269824,NA,NA,NA,NA,NA,NA,NA,NA,NA,NA,NA,NA
FAAP20,NA,NA,NA,NA,2.08838179388447e-07,0.377,0,0.507,0,0.349,0,0.383,0,0.331,0,0.46,NA,NA,NA,NA,NA,NA,1.81210328205317e-05,0.250024083470414,NA,NA,NA,NA,NA,NA,0,0.33,NA,NA,NA,NA,NA,NA,0,0.393,NA,NA,NA,NA,NA,NA,NA,NA,NA,NA,NA,NA,NA,NA,NA,NA,NA,NA,NA,NA
FAM162A,1.04810228268108e-10,0.381704074538395,NA,NA,NA,NA,0,0.342,NA,NA,NA,NA,NA,NA,1.66028788769129e-15,0.357396388891204,NA,NA,NA,NA,NA,NA,NA,NA,NA,NA,NA,NA,NA,NA,9.72845353226649e-13,0.270405062119157,NA,NA,NA,NA,4.38762187780012e-09,0.265260773065134,NA,NA,NA,NA,NA,NA,1.10757499560265e-08,0.275375800408279,NA,NA,NA,NA,NA,NA,0.0102051734364381,0.300012686442924,NA,NA,NA,NA,NA,NA
FAM174A,2.86529691712157e-08,0.304044009583918,NA,NA,NA,NA,0.000138064958191349,0.422499665383834,NA,NA,NA,NA,NA,NA,NA,NA,NA,NA,NA,NA,NA,NA,NA,NA,NA,NA,NA,NA,NA,NA,NA,NA,NA,NA,NA,NA,NA,NA,NA,NA,NA,NA,NA,NA,NA,NA,NA,NA,NA,NA,NA,NA,NA,NA,NA,NA,NA,NA,NA,NA
FBXO7,NA,NA,NA,NA,NA,NA,NA,NA,NA,NA,NA,NA,NA,NA,NA,NA,NA,NA,NA,NA,NA,NA,NA,NA,NA,NA,NA,NA,NA,NA,NA,NA,NA,NA,0.00259805148355077,0.326,NA,NA,NA,NA,NA,NA,NA,NA,NA,NA,NA,NA,NA,NA,NA,NA,NA,NA,NA,NA,NA,NA,NA,NA
FGD4,NA,NA,NA,NA,NA,NA,NA,NA,NA,NA,NA,NA,NA,NA,0.9999,0.5648,NA,NA,NA,NA,NA,NA,NA,NA,NA,NA,NA,NA,NA,NA,NA,NA,NA,NA,NA,NA,NA,NA,NA,NA,NA,NA,NA,NA,NA,NA,NA,NA,NA,NA,NA,NA,NA,NA,NA,NA,NA,NA,NA,NA
FHOD3,NA,NA,NA,NA,0.000799167630294699,0.504357956088672,0.000170461811241526,0.521623019269375,0.0128121724425535,0.280997463553341,0.00184904350548203,0.318663981978695,2.07432824333488e-08,0.635742272986641,3.99376215044252e-09,0.659750546194599,2.75339961264444e-07,0.279535036251768,4.10826718116003e-07,0.291119425462712,NA,NA,NA,NA,NA,NA,NA,NA,3.92128870214881e-06,0.521838221712591,3.30011283993e-07,0.545738431627925,NA,NA,NA,NA,2.74319785285667e-07,0.56575516001501,4.43970305416778e-08,0.589742991470016,2.28810820113874e-09,0.527086418827186,2.69054226240276e-08,0.538740375832983,5.68596932935447e-07,0.439512177876229,4.04476716540763e-08,0.46338626963393,NA,NA,NA,NA,NA,NA,NA,NA,NA,NA,NA,NA
FOXM1,0,0.455,6.8572967649625e-11,0.312224297925975,NA,NA,0,0.504,NA,NA,1.66718874131953e-15,0.430582952886058,NA,NA,0,0.316,NA,NA,NA,NA,NA,NA,7.93791566515543e-05,0.42036098899669,NA,NA,NA,NA,NA,NA,1.30140589531235e-14,0.464530768755368,NA,NA,NA,NA,0,0.335,NA,NA,NA,NA,NA,NA,0,0.337,6.9653725804142e-12,0.264083794090604,9.57449988116434e-08,0.253769137257667,NA,NA,1.10183054786839e-07,0.327,NA,NA,NA,NA,NA,NA
GALC,0,0.362,NA,NA,NA,NA,1.81277540404529e-11,0.589,NA,NA,NA,NA,NA,NA,0,0.31,NA,NA,NA,NA,NA,NA,NA,NA,NA,NA,NA,NA,NA,NA,NA,NA,NA,NA,NA,NA,7.43665129477779e-12,0.322,NA,NA,NA,NA,NA,NA,0.00124061871644343,0.294621989261232,NA,NA,NA,NA,NA,NA,NA,NA,NA,NA,NA,NA,NA,NA
GAREM1,NA,NA,NA,NA,0.000974446890239589,0.352208296263156,0.0148108715976949,0.383171152067689,NA,NA,NA,NA,7.09512142880332e-05,0.369237871671004,0.00307661874131129,0.392342874556203,NA,NA,NA,NA,NA,NA,NA,NA,NA,NA,NA,NA,0.0110379695647304,0.253800178555683,NA,NA,NA,NA,NA,NA,0.000532992794947719,0.326060461746471,0.00907058020481553,0.381440650810978,NA,NA,NA,NA,NA,NA,NA,NA,NA,NA,NA,NA,NA,NA,NA,NA,NA,NA,NA,NA
GARNL3,NA,NA,NA,NA,0.00161504576199685,0.658522293897582,0.00158132758642091,0.669341996832107,NA,NA,NA,NA,3.88731260593752e-07,0.641197145941731,NA,NA,NA,NA,NA,NA,NA,NA,NA,NA,NA,NA,NA,NA,NA,NA,NA,NA,NA,NA,NA,NA,NA,NA,NA,NA,NA,NA,NA,NA,NA,NA,NA,NA,NA,NA,NA,NA,NA,NA,NA,NA,NA,NA,NA,NA
GCFC2,0.9843,0.3692,NA,NA,NA,NA,0.9684,0.3719,NA,NA,NA,NA,NA,NA,NA,NA,NA,NA,NA,NA,NA,NA,NA,NA,NA,NA,NA,NA,NA,NA,NA,NA,NA,NA,NA,NA,NA,NA,NA,NA,NA,NA,NA,NA,NA,NA,NA,NA,NA,NA,NA,NA,NA,NA,NA,NA,NA,NA,NA,NA
GGCT,0,0.335,NA,NA,NA,NA,0,0.325,NA,NA,0,0.306,NA,NA,0,0.357,NA,NA,NA,NA,NA,NA,0,0.35,NA,NA,NA,NA,NA,NA,0,0.342,NA,NA,NA,NA,NA,NA,0,0.318,NA,NA,0,0.301,NA,NA,0,0.343,NA,NA,NA,NA,NA,NA,NA,NA,NA,NA,NA,NA
GLMP,NA,NA,NA,NA,NA,NA,NA,NA,NA,NA,NA,NA,NA,NA,0.0162008587208581,0.279541172833428,NA,NA,NA,NA,NA,NA,NA,NA,NA,NA,NA,NA,NA,NA,0.0258271250698249,0.258836851680259,NA,NA,NA,NA,NA,NA,NA,NA,NA,NA,NA,NA,NA,NA,NA,NA,NA,NA,NA,NA,NA,NA,NA,NA,NA,NA,NA,NA
GMDS-DT,1.19298319843052e-06,0.369,NA,NA,3.12375841489493e-06,0.514,NA,NA,NA,NA,NA,NA,NA,NA,NA,NA,NA,NA,NA,NA,0.00288441684414116,0.307,NA,NA,NA,NA,NA,NA,0.00201626063699476,0.315,3.31195788920068e-06,0.351,NA,NA,NA,NA,NA,NA,1.34082868265374e-12,0.601,NA,NA,NA,NA,NA,NA,NA,NA,NA,NA,1.12842912813712e-05,0.357,NA,NA,NA,NA,NA,NA,NA,NA
GNB2,NA,NA,NA,NA,NA,NA,NA,NA,0.9962,0.5655,NA,NA,NA,NA,NA,NA,NA,NA,NA,NA,NA,NA,NA,NA,NA,NA,NA,NA,NA,NA,NA,NA,NA,NA,NA,NA,NA,NA,NA,NA,NA,NA,NA,NA,NA,NA,NA,NA,NA,NA,NA,NA,NA,NA,NA,NA,NA,NA,NA,NA
GPI,NA,NA,NA,NA,NA,NA,NA,NA,NA,NA,NA,NA,NA,NA,4.969516621745e-05,0.319661571988051,NA,NA,NA,NA,NA,NA,NA,NA,NA,NA,NA,NA,NA,NA,NA,NA,NA,NA,NA,NA,NA,NA,NA,NA,NA,NA,NA,NA,NA,NA,NA,NA,NA,NA,NA,NA,NA,NA,NA,NA,NA,NA,NA,NA
GPSM2,NA,NA,NA,NA,NA,NA,9.9244268844676e-10,0.349661077362421,NA,NA,NA,NA,NA,NA,8.64149163441641e-09,0.272432496403684,NA,NA,NA,NA,NA,NA,NA,NA,NA,NA,NA,NA,NA,NA,NA,NA,NA,NA,NA,NA,NA,NA,NA,NA,NA,NA,NA,NA,NA,NA,NA,NA,NA,NA,NA,NA,NA,NA,NA,NA,NA,NA,NA,NA
GULP1,1.94779725574197e-08,0.573802604496636,0.00158273495534566,0.403437755903273,NA,NA,NA,NA,NA,NA,3.20487739165284e-06,0.274737692966246,NA,NA,5.77207105579111e-06,0.442880150795631,NA,NA,NA,NA,NA,NA,0.000602632363690209,0.441263306549889,0.000148969569229271,0.335988248942855,NA,NA,NA,NA,1.42907314516846e-07,0.499540369371591,NA,NA,NA,NA,1.07948974765897e-09,0.327686131084203,NA,NA,2.5037828004799e-05,0.268454981118409,NA,NA,2.57092732688746e-05,0.474289279538556,NA,NA,4.44165891119624e-05,0.439771207787197,NA,NA,0.00164272964595652,0.376709424039448,NA,NA,0.000131589500076358,0.35395050296038,NA,NA
GUSBP11,NA,NA,NA,NA,NA,NA,NA,NA,NA,NA,NA,NA,NA,NA,NA,NA,NA,NA,NA,NA,NA,NA,0.9775,0.5189,NA,NA,NA,NA,NA,NA,NA,NA,NA,NA,NA,NA,NA,NA,NA,NA,NA,NA,NA,NA,NA,NA,NA,NA,NA,NA,NA,NA,NA,NA,NA,NA,NA,NA,NA,NA
GXYLT1,NA,NA,NA,NA,4.59670415273023e-06,0.561778266545249,3.04981168963572e-08,0.595624713194962,NA,NA,NA,NA,4.2853434697897e-05,0.363711236129533,1.18097433085399e-07,0.397692172288392,NA,NA,NA,NA,NA,NA,NA,NA,NA,NA,NA,NA,NA,NA,NA,NA,NA,NA,NA,NA,0.00170803469058829,0.271658778289338,4.04715301094807e-06,0.305642746777237,NA,NA,NA,NA,NA,NA,NA,NA,NA,NA,NA,NA,NA,NA,NA,NA,NA,NA,NA,NA
HAUS3,NA,NA,NA,NA,0.9361,0.4504,0.9917,0.5002,NA,NA,NA,NA,NA,NA,0.9269,0.4533,NA,NA,NA,NA,NA,NA,NA,NA,NA,NA,NA,NA,NA,NA,NA,NA,NA,NA,NA,NA,NA,NA,NA,NA,NA,NA,NA,NA,NA,NA,NA,NA,NA,NA,NA,NA,NA,NA,NA,NA,NA,NA,NA,NA
HDX,NA,NA,NA,NA,0,0.373,0,0.763,2.24324262868897e-11,0.47,0,0.66,0,0.427,0,0.799,0,0.495,0,0.685,NA,NA,0,0.641,NA,NA,NA,NA,5.810051328929e-09,0.314,0,0.67,5.95419485549761e-05,0.313,0,0.52,0,0.404,0,0.76,0,0.531,0,0.721,0,0.37,0,0.787,7.88939157376588e-08,0.406,0,0.613,NA,NA,NA,NA,NA,NA,NA,NA
HIKESHI,NA,NA,NA,NA,NA,NA,6.13851438775711e-08,0.332,NA,NA,NA,NA,NA,NA,NA,NA,NA,NA,NA,NA,NA,NA,NA,NA,NA,NA,NA,NA,NA,NA,NA,NA,NA,NA,NA,NA,NA,NA,NA,NA,NA,NA,NA,NA,NA,NA,NA,NA,NA,NA,NA,NA,NA,NA,NA,NA,NA,NA,NA,NA
HS3ST5,NA,NA,NA,NA,NA,NA,NA,NA,NA,NA,NA,NA,0.9563,0.4795,NA,NA,NA,NA,NA,NA,NA,NA,NA,NA,NA,NA,NA,NA,NA,NA,NA,NA,NA,NA,NA,NA,NA,NA,NA,NA,NA,NA,NA,NA,NA,NA,NA,NA,NA,NA,NA,NA,NA,NA,NA,NA,NA,NA,NA,NA
HSD17B4,NA,NA,NA,NA,NA,NA,0.9992,0.4746,NA,NA,NA,NA,NA,NA,NA,NA,NA,NA,NA,NA,NA,NA,NA,NA,NA,NA,NA,NA,NA,NA,NA,NA,NA,NA,NA,NA,NA,NA,NA,NA,NA,NA,NA,NA,NA,NA,NA,NA,NA,NA,NA,NA,NA,NA,NA,NA,NA,NA,NA,NA
HTT,NA,NA,NA,NA,0.000286702314068913,0.598003562473624,0.000157656950249292,0.617266685003988,3.85226088224703e-06,0.352467365778297,1.76241925830406e-07,0.369416399953413,4.30747106806132e-10,0.784163484835994,2.0568574756733e-08,0.833978536601293,9.24040831296849e-07,0.327881869835939,3.16289387779748e-08,0.344686581114283,NA,NA,0.00282619199494198,0.253614856793622,NA,NA,NA,NA,5.49325602512369e-05,0.460892920585905,1.05410517687942e-06,0.523828423068765,NA,NA,NA,NA,2.10810748651175e-06,0.48939472677626,1.13591813137765e-07,0.553445435507575,1.10617001682909e-06,0.368561726448802,6.11382894209669e-08,0.385619537338056,0.00538989320927842,0.272101932332687,2.65686443824794e-05,0.331801240912575,NA,NA,NA,NA,NA,NA,NA,NA,NA,NA,NA,NA
INVS,NA,NA,NA,NA,0.000914236318268691,0.374470886069353,0.00152942168890272,0.366107988637953,NA,NA,NA,NA,NA,NA,NA,NA,NA,NA,NA,NA,NA,NA,NA,NA,NA,NA,NA,NA,NA,NA,NA,NA,NA,NA,NA,NA,NA,NA,NA,NA,NA,NA,NA,NA,NA,NA,NA,NA,NA,NA,NA,NA,NA,NA,NA,NA,NA,NA,NA,NA
IQCH-AS1,NA,NA,NA,NA,NA,NA,NA,NA,NA,NA,NA,NA,NA,NA,0.9593,0.5319,NA,NA,NA,NA,NA,NA,NA,NA,NA,NA,NA,NA,NA,NA,NA,NA,NA,NA,NA,NA,NA,NA,NA,NA,NA,NA,NA,NA,NA,NA,NA,NA,NA,NA,NA,NA,NA,NA,NA,NA,NA,NA,NA,NA
ITGA6,NA,NA,NA,NA,NA,NA,NA,NA,NA,NA,NA,NA,NA,NA,NA,NA,NA,NA,NA,NA,NA,NA,NA,NA,NA,NA,NA,NA,NA,NA,0.0337317024240297,0.328948016525707,NA,NA,NA,NA,NA,NA,NA,NA,NA,NA,NA,NA,NA,NA,NA,NA,NA,NA,NA,NA,NA,NA,NA,NA,NA,NA,NA,NA
ITPRID2,NA,NA,NA,NA,NA,NA,NA,NA,NA,NA,NA,NA,NA,NA,NA,NA,NA,NA,NA,NA,NA,NA,NA,NA,0.0378154622230458,0.321,NA,NA,NA,NA,NA,NA,NA,NA,NA,NA,NA,NA,NA,NA,NA,NA,NA,NA,NA,NA,NA,NA,NA,NA,NA,NA,NA,NA,NA,NA,NA,NA,NA,NA
KCNT2,0,0.492,0.0119685288190226,0.251648384893717,NA,NA,0,0.78,2.62904288455936e-05,0.505051569691744,0,0.844,NA,NA,0,0.951,6.14547876021889e-06,0.514472793584817,0,0.876,NA,NA,0,0.814,NA,NA,0.00605822448464934,0.290864867270062,NA,NA,0,0.924,0.00408958644981276,0.375541825591638,0,0.608,NA,NA,0,0.951,4.13536054111433e-06,0.533284426078168,0,0.929,NA,NA,0,0.931,0.9239,0.4101,0,0.541,NA,NA,2.79749247224048e-09,0.58,NA,NA,0,0.464
KDM6A,NA,NA,NA,NA,3.53119872524581e-12,0.59,0,0.659,0,0.395,0,0.398,0,0.706,0,0.775,0,0.383,0,0.387,0.0329209432580113,0.397724628165095,0,0.353,NA,NA,NA,NA,0,0.455,0,0.524,9.5122871112386e-06,0.288993167245336,6.10361762148461e-06,0.304161579950929,0,0.535,0,0.604,0,0.522,0,0.526,0,0.598,0,0.667,0.00076318265104886,0.317019192455852,0.00099100641141104,0.33189170305743,NA,NA,NA,NA,NA,NA,NA,NA
KIF21A,NA,NA,NA,NA,NA,NA,NA,NA,NA,NA,NA,NA,NA,NA,0.00408342610038118,0.325359018273532,NA,NA,NA,NA,NA,NA,NA,NA,NA,NA,NA,NA,NA,NA,NA,NA,NA,NA,NA,NA,NA,NA,NA,NA,NA,NA,NA,NA,NA,NA,NA,NA,NA,NA,NA,NA,NA,NA,NA,NA,NA,NA,NA,NA
KIF26B,NA,NA,NA,NA,NA,NA,NA,NA,NA,NA,NA,NA,0.000540136967231763,0.274727918242132,0.00276427329803858,0.256024360963383,NA,NA,NA,NA,NA,NA,NA,NA,NA,NA,NA,NA,NA,NA,NA,NA,NA,NA,NA,NA,NA,NA,NA,NA,NA,NA,NA,NA,NA,NA,NA,NA,NA,NA,NA,NA,NA,NA,NA,NA,NA,NA,NA,NA
LARP7,0,0.583,0,0.554,NA,NA,0,0.698,0,0.327,0,0.575,NA,NA,0,0.799,NA,NA,0,0.561,NA,NA,0,0.416,NA,NA,0.0482303344744692,0.327,NA,NA,0,0.593,NA,NA,0,0.549,NA,NA,0,0.685,0,0.328,0,0.571,NA,NA,0,0.449,NA,NA,0.0197214613820549,0.363,3.69732311433646e-08,0.393,5.70553293262969e-05,0.443,NA,NA,0.0415918574976576,0.351
LARS1,NA,NA,NA,NA,NA,NA,NA,NA,NA,NA,NA,NA,NA,NA,NA,NA,0.00777253670953229,0.354,0.00113842600097101,0.368,NA,NA,NA,NA,NA,NA,NA,NA,NA,NA,NA,NA,NA,NA,NA,NA,NA,NA,NA,NA,NA,NA,NA,NA,NA,NA,NA,NA,NA,NA,NA,NA,NA,NA,NA,NA,NA,NA,NA,NA
LIMCH1,0,0.306,NA,NA,NA,NA,0,0.482,0,0.357,0,0.471,NA,NA,0,0.517,0,0.386,0,0.5,NA,NA,0,0.47,NA,NA,NA,NA,NA,NA,0,0.507,0,0.334,0,0.448,NA,NA,0,0.512,0,0.392,0,0.506,NA,NA,0,0.51,0,0.315,0,0.428,NA,NA,0,0.371,NA,NA,0,0.34
LINC00884,NA,NA,NA,NA,NA,NA,NA,NA,NA,NA,NA,NA,NA,NA,NA,NA,NA,NA,NA,NA,NA,NA,NA,NA,NA,NA,NA,NA,NA,NA,NA,NA,NA,NA,NA,NA,NA,NA,NA,NA,NA,NA,NA,NA,NA,NA,NA,NA,5.15492093456002e-10,0.504,0.0422535777288022,0.343,NA,NA,NA,NA,NA,NA,NA,NA
LINC01060,NA,NA,NA,NA,NA,NA,2.96216554922552e-05,0.264531836228128,NA,NA,0.9953,0.5641,NA,NA,1.20055413612441e-05,0.303,NA,NA,0.9685,0.5068,NA,NA,0.984,0.5419,NA,NA,NA,NA,NA,NA,2.60743847566335e-10,0.547,NA,NA,0.9791,0.5017,NA,NA,0.9911,0.5764,NA,NA,0.999,0.593,NA,NA,0.9973,0.5738,NA,NA,0.98,0.5146,NA,NA,NA,NA,NA,NA,NA,NA
LINC01090,1,0.6982,0.9987,0.5004,NA,NA,1,0.7026,NA,NA,0.9749,0.4648,NA,NA,0.9897,0.4676,NA,NA,NA,NA,NA,NA,0.9876,0.4795,0.9867,0.4794,NA,NA,NA,NA,0.9999,0.5806,NA,NA,NA,NA,0.9999,0.6171,NA,NA,0.9258,0.4422,NA,NA,0.9999,0.6285,NA,NA,0.9942,0.4919,NA,NA,NA,NA,NA,NA,0.9941,0.4918,NA,NA
LINC02210,NA,NA,NA,NA,2.05169583821977e-07,0.658625493182998,6.95696580141049e-12,0.740097325642607,0.9953,0.3983,4.08126703763882e-21,0.529523507836451,1.28670882803719e-20,0.760185183172193,6.79682978486748e-26,0.843292724172703,NA,NA,NA,NA,NA,NA,0.00878556347615863,0.298406150789927,NA,NA,NA,NA,2.2148268823748e-14,0.556348545380465,7.45593029950847e-21,0.640008909020436,NA,NA,NA,NA,2.87946756830762e-19,0.601131908443629,1.85573236222226e-23,0.723368879221429,3.25449900534305e-27,0.552364810542304,2.8659229663656e-25,0.595425845644646,2.06555466792606e-14,0.424145516694371,1.64262718931586e-21,0.538304938102358,NA,NA,NA,NA,NA,NA,NA,NA,NA,NA,NA,NA
LINGO2,NA,NA,NA,NA,NA,NA,0.9973,0.5014,NA,NA,NA,NA,NA,NA,NA,NA,NA,NA,NA,NA,NA,NA,NA,NA,NA,NA,NA,NA,NA,NA,NA,NA,NA,NA,NA,NA,NA,NA,NA,NA,NA,NA,NA,NA,NA,NA,NA,NA,NA,NA,NA,NA,NA,NA,NA,NA,NA,NA,NA,NA
LNPK,NA,NA,NA,NA,0.00201052916888954,0.271928280306659,2.0577082356948e-07,0.369207855108578,NA,NA,NA,NA,NA,NA,NA,NA,NA,NA,NA,NA,NA,NA,NA,NA,NA,NA,NA,NA,NA,NA,NA,NA,NA,NA,NA,NA,NA,NA,NA,NA,NA,NA,NA,NA,NA,NA,NA,NA,NA,NA,NA,NA,NA,NA,NA,NA,NA,NA,NA,NA
LRIG2,0.00603537716096921,0.338551441309316,NA,NA,NA,NA,0.9512,0.4237,NA,NA,0.000208923395857624,0.328628061372371,NA,NA,5.75251119924729e-05,0.528858357079112,NA,NA,NA,NA,NA,NA,0.0072875754372958,0.372092172217726,NA,NA,NA,NA,NA,NA,0.000994598831231107,0.434569529437311,NA,NA,NA,NA,NA,NA,9.01556911225979e-05,0.405926609931483,NA,NA,NA,NA,NA,NA,4.52507823820458e-05,0.437801008464123,NA,NA,NA,NA,0.0014065467077953,0.323647057542282,NA,NA,NA,NA,NA,NA
LRP8,NA,NA,NA,NA,NA,NA,NA,NA,NA,NA,NA,NA,NA,NA,0.0401040770359374,0.3,NA,NA,NA,NA,NA,NA,NA,NA,NA,NA,NA,NA,NA,NA,NA,NA,NA,NA,NA,NA,NA,NA,NA,NA,NA,NA,NA,NA,NA,NA,NA,NA,NA,NA,NA,NA,NA,NA,NA,NA,NA,NA,NA,NA
LRRC42,NA,NA,NA,NA,1.49429703247237e-08,0.397,0,0.552,0,0.455,0,0.492,0,0.498,0,0.654,0,0.446,0,0.484,NA,NA,0,0.443,NA,NA,NA,NA,0,0.384,0,0.539,NA,NA,NA,NA,0,0.449,0,0.604,0,0.548,0,0.586,0,0.465,0,0.62,0,0.321,0,0.358,NA,NA,NA,NA,NA,NA,NA,NA
LYRM1,NA,NA,NA,NA,0,0.54,0,0.659,0,0.45,0,0.442,0,0.578,0,0.729,NA,NA,NA,NA,NA,NA,0.000843122559783403,0.313,NA,NA,NA,NA,0,0.435,0,0.517,NA,NA,NA,NA,0,0.474,0,0.588,0,0.522,0,0.514,0,0.363,0,0.515,NA,NA,NA,NA,NA,NA,NA,NA,NA,NA,NA,NA
MACROD2,NA,NA,NA,NA,0.0125231542600514,0.524320852306953,0.9881,0.4747,NA,NA,NA,NA,NA,NA,NA,NA,NA,NA,NA,NA,NA,NA,NA,NA,NA,NA,NA,NA,NA,NA,NA,NA,NA,NA,NA,NA,NA,NA,NA,NA,NA,NA,NA,NA,NA,NA,NA,NA,NA,NA,NA,NA,NA,NA,NA,NA,NA,NA,NA,NA
MADD,1.56946133765046e-07,0.302503524326326,NA,NA,NA,NA,0,0.514,5.52843516452697e-08,0.293475341580316,0,0.365,0,0.353,0,0.626,0,0.313,0,0.382,NA,NA,0,0.413,NA,NA,NA,NA,NA,NA,0,0.5,NA,NA,9.92757865451716e-07,0.28157900599238,NA,NA,0,0.508,0,0.371,0,0.44,NA,NA,0,0.546,NA,NA,6.925373254312e-08,0.315625354117176,NA,NA,1.57576207718023e-08,0.303112405497708,NA,NA,NA,NA
MAOA,7.44530303787385e-07,0.397907311620024,NA,NA,2.1756615606864e-05,0.426,0,0.72,0,0.473,0,0.558,0,0.592,0,0.886,0,0.532,0,0.616,6.4251899726588e-08,0.38,0,0.674,NA,NA,7.26029308648932e-06,0.386051137765503,0,0.456,0,0.75,0,0.373,0,0.458,0,0.55,0,0.844,0,0.638,0,0.723,0,0.588,0,0.882,0,0.477,0,0.561,NA,NA,6.64737933174111e-06,0.373053918684364,NA,NA,4.06100006312941e-05,0.356776559501588
MELTF,1.57320823967901e-07,0.373287293177131,NA,NA,NA,NA,0.0167629971838329,0.36837283769854,0.9738,0.403,1.08064096104651e-05,0.413314217048695,NA,NA,3.11434861823708e-08,0.472535626336182,NA,NA,NA,NA,NA,NA,NA,NA,NA,NA,NA,NA,NA,NA,2.21560604777243e-06,0.34988833815529,NA,NA,NA,NA,NA,NA,8.9523301984749e-07,0.409249801301458,NA,NA,1.36783609740829e-05,0.300118133787062,NA,NA,NA,NA,NA,NA,NA,NA,NA,NA,NA,NA,NA,NA,NA,NA
MFN2,NA,NA,NA,NA,NA,NA,0,0.31,NA,NA,NA,NA,NA,NA,NA,NA,NA,NA,NA,NA,NA,NA,NA,NA,NA,NA,NA,NA,NA,NA,NA,NA,NA,NA,NA,NA,NA,NA,NA,NA,NA,NA,NA,NA,NA,NA,NA,NA,NA,NA,NA,NA,NA,NA,NA,NA,NA,NA,NA,NA
MIR9-3HG,0.00192828002721113,0.337703096407819,0.012722697797533,0.309831054580332,NA,NA,0.000305494783406548,0.341845893461447,NA,NA,0.000395586912524966,0.337552983228999,NA,NA,0.00303111826101515,0.306256784032039,NA,NA,0.0279824827056051,0.296262996481485,NA,NA,0.000164331081639583,0.302668665199151,NA,NA,0.0445361875483303,0.277054458581152,NA,NA,0.0011995513052119,0.35878972444552,NA,NA,NA,NA,NA,NA,0.000388827199158219,0.283651748269227,NA,NA,0.00561049224010304,0.287724726293572,NA,NA,0.00645262411392069,0.255215835317368,NA,NA,NA,NA,NA,NA,0.0291168438116385,0.251198208259174,1.53206882897991e-05,0.374,NA,NA
MLLT10,NA,NA,NA,NA,0.000171041453432899,0.358832720794589,0.000204319130976226,0.35706106158056,NA,NA,NA,NA,2.73090489762328e-06,0.302871674765599,6.41637953063937e-06,0.301314585736356,NA,NA,NA,NA,NA,NA,NA,NA,NA,NA,NA,NA,NA,NA,NA,NA,NA,NA,NA,NA,NA,NA,NA,NA,NA,NA,NA,NA,NA,NA,NA,NA,NA,NA,NA,NA,NA,NA,NA,NA,NA,NA,NA,NA
MMS22L,NA,NA,NA,NA,NA,NA,3.53405345937524e-05,0.482933383996231,NA,NA,NA,NA,2.98302062872476e-05,0.318833355391061,1.95624448168692e-10,0.479500068777676,NA,NA,NA,NA,NA,NA,NA,NA,NA,NA,NA,NA,NA,NA,5.38059862701203e-07,0.271761974446018,NA,NA,NA,NA,NA,NA,NA,NA,NA,NA,NA,NA,NA,NA,NA,NA,NA,NA,NA,NA,NA,NA,NA,NA,NA,NA,NA,NA
MON1A,NA,NA,NA,NA,NA,NA,NA,NA,NA,NA,NA,NA,NA,NA,NA,NA,NA,NA,NA,NA,NA,NA,NA,NA,NA,NA,NA,NA,NA,NA,NA,NA,NA,NA,NA,NA,NA,NA,NA,NA,NA,NA,NA,NA,NA,NA,NA,NA,NA,NA,NA,NA,NA,NA,NA,NA,NA,NA,0,0.324
MRPL24,NA,NA,NA,NA,0.9219,0.4413,NA,NA,NA,NA,NA,NA,NA,NA,NA,NA,NA,NA,NA,NA,NA,NA,NA,NA,NA,NA,NA,NA,NA,NA,NA,NA,NA,NA,NA,NA,NA,NA,NA,NA,NA,NA,NA,NA,NA,NA,NA,NA,NA,NA,NA,NA,NA,NA,NA,NA,NA,NA,NA,NA
MYB,NA,NA,NA,NA,NA,NA,0.000824622736808762,0.259146182383034,NA,NA,NA,NA,NA,NA,NA,NA,NA,NA,NA,NA,NA,NA,NA,NA,NA,NA,NA,NA,NA,NA,NA,NA,NA,NA,NA,NA,NA,NA,NA,NA,NA,NA,NA,NA,NA,NA,NA,NA,NA,NA,NA,NA,NA,NA,NA,NA,NA,NA,NA,NA
MYCBP2,NA,NA,NA,NA,NA,NA,2.72309721438187e-11,0.328,NA,NA,NA,NA,NA,NA,0,0.382,NA,NA,NA,NA,NA,NA,NA,NA,NA,NA,NA,NA,NA,NA,0,0.305,NA,NA,NA,NA,NA,NA,NA,NA,0,0.311,0,0.317,NA,NA,NA,NA,NA,NA,NA,NA,NA,NA,NA,NA,NA,NA,NA,NA
NADSYN1,NA,NA,NA,NA,NA,NA,NA,NA,NA,NA,NA,NA,NA,NA,NA,NA,NA,NA,NA,NA,NA,NA,NA,NA,NA,NA,NA,NA,NA,NA,NA,NA,NA,NA,NA,NA,NA,NA,NA,NA,NA,NA,NA,NA,NA,NA,NA,NA,0.000231012583173043,0.307,NA,NA,NA,NA,NA,NA,NA,NA,NA,NA
NDUFAF6,NA,NA,NA,NA,NA,NA,NA,NA,NA,NA,NA,NA,NA,NA,NA,NA,NA,NA,NA,NA,NA,NA,NA,NA,NA,NA,NA,NA,NA,NA,NA,NA,NA,NA,NA,NA,NA,NA,0.0490161509808917,0.275305640619044,NA,NA,NA,NA,NA,NA,NA,NA,NA,NA,NA,NA,NA,NA,NA,NA,NA,NA,NA,NA
NECAP1,NA,NA,NA,NA,NA,NA,NA,NA,NA,NA,NA,NA,NA,NA,NA,NA,NA,NA,NA,NA,0.0441796358109879,0.359,NA,NA,NA,NA,NA,NA,NA,NA,NA,NA,NA,NA,NA,NA,NA,NA,NA,NA,NA,NA,NA,NA,NA,NA,NA,NA,NA,NA,NA,NA,NA,NA,NA,NA,NA,NA,NA,NA
NIPA1,0,0.361,NA,NA,NA,NA,6.51547419738945e-13,0.331121914168052,NA,NA,2.01603661291142e-07,0.336,NA,NA,0,0.341,NA,NA,NA,NA,NA,NA,4.83337434334128e-06,0.442,NA,NA,NA,NA,NA,NA,0.00316792340971839,0.306,NA,NA,NA,NA,NA,NA,NA,NA,NA,NA,NA,NA,NA,NA,NA,NA,NA,NA,NA,NA,NA,NA,NA,NA,NA,NA,NA,NA
NOX4,NA,NA,NA,NA,0.0109877403867959,0.39901047938661,NA,NA,0.00610010950419938,0.34376877848612,NA,NA,0.00160993846617106,0.332698055873371,NA,NA,NA,NA,NA,NA,NA,NA,NA,NA,NA,NA,NA,NA,NA,NA,NA,NA,NA,NA,NA,NA,NA,NA,NA,NA,NA,NA,NA,NA,NA,NA,NA,NA,NA,NA,NA,NA,NA,NA,NA,NA,NA,NA,NA,NA
NSMF,NA,NA,NA,NA,NA,NA,0.000179566655179614,0.432104547752818,NA,NA,NA,NA,NA,NA,0.000546259209113,0.415081396978912,NA,NA,NA,NA,NA,NA,NA,NA,NA,NA,NA,NA,NA,NA,NA,NA,NA,NA,NA,NA,NA,NA,NA,NA,NA,NA,0.0104870638750733,0.424583823104769,NA,NA,NA,NA,NA,NA,NA,NA,NA,NA,NA,NA,NA,NA,NA,NA
NTM,0.9971,0.4384,NA,NA,NA,NA,0.9996,0.453,NA,NA,NA,NA,NA,NA,0.9995,0.4848,NA,NA,NA,NA,NA,NA,NA,NA,NA,NA,NA,NA,NA,NA,0.9954,0.4367,NA,NA,NA,NA,NA,NA,NA,NA,NA,NA,NA,NA,NA,NA,NA,NA,NA,NA,NA,NA,NA,NA,NA,NA,NA,NA,NA,NA
NUP50-DT,NA,NA,NA,NA,NA,NA,NA,NA,NA,NA,NA,NA,NA,NA,NA,NA,NA,NA,NA,NA,NA,NA,NA,NA,NA,NA,NA,NA,NA,NA,NA,NA,NA,NA,NA,NA,NA,NA,0.0278389917403844,0.319830130424744,NA,NA,NA,NA,NA,NA,NA,NA,NA,NA,NA,NA,NA,NA,NA,NA,NA,NA,NA,NA
NUP58,NA,NA,NA,NA,0,0.398,0,0.403,2.73130636824857e-13,0.35237413054538,2.70106101496015e-13,0.347936425479267,7.31172160649982e-08,0.335775461163557,7.12683628050247e-10,0.348028768182816,NA,NA,NA,NA,NA,NA,NA,NA,NA,NA,NA,NA,1.9943759693072e-06,0.263769068267428,1.35291048384651e-08,0.275715970070065,NA,NA,NA,NA,1.20355560027113e-07,0.288922001307266,1.15716279294995e-09,0.299759670628443,NA,NA,NA,NA,NA,NA,NA,NA,NA,NA,NA,NA,NA,NA,NA,NA,NA,NA,NA,NA
NUP62CL,NA,NA,NA,NA,0.0084399626740786,0.278783148583449,NA,NA,NA,NA,NA,NA,NA,NA,NA,NA,NA,NA,NA,NA,NA,NA,NA,NA,NA,NA,NA,NA,NA,NA,NA,NA,NA,NA,NA,NA,NA,NA,NA,NA,NA,NA,NA,NA,NA,NA,NA,NA,NA,NA,NA,NA,NA,NA,NA,NA,NA,NA,NA,NA
OBSCN,NA,NA,NA,NA,NA,NA,NA,NA,NA,NA,NA,NA,NA,NA,0.9085,0.4574,NA,NA,NA,NA,NA,NA,NA,NA,NA,NA,NA,NA,NA,NA,NA,NA,NA,NA,NA,NA,NA,NA,NA,NA,NA,NA,NA,NA,NA,NA,NA,NA,NA,NA,NA,NA,NA,NA,NA,NA,NA,NA,NA,NA
OCLN,NA,NA,NA,NA,7.91502472696798e-05,0.588173086645778,6.43853941738344e-06,0.601343986548909,8.4223007679481e-08,0.313273780981781,1.19032539073718e-07,0.313302054415853,8.34564360966177e-08,0.675266518144324,4.36815346984955e-09,0.684226098768276,NA,NA,NA,NA,NA,NA,NA,NA,NA,NA,NA,NA,0.0154822726057021,0.299727849532832,0.00126232041434313,0.310187572096727,NA,NA,NA,NA,0.00463457046560102,0.37381141325728,0.000559328914525605,0.383798484071049,1.89473063845253e-06,0.33489688519598,2.86699290956589e-06,0.334903160231573,NA,NA,NA,NA,NA,NA,NA,NA,NA,NA,NA,NA,NA,NA,NA,NA
OCLNP1,NA,NA,NA,NA,0.0155370627794943,0.586940102976002,0.00172712881780352,0.602046763086547,5.52843516452697e-08,0.339368747182494,8.0452476497209e-08,0.339351144434319,1.35278490057169e-07,0.723216195747718,8.24589281749317e-09,0.732996418374675,NA,NA,NA,NA,NA,NA,NA,NA,NA,NA,NA,NA,0.0195300415376168,0.317420092804717,0.00155425643648299,0.330144578978021,NA,NA,NA,NA,0.00382480392576903,0.409625017859141,0.000433414855156634,0.420473855493325,1.26497462672936e-06,0.378301863228015,1.80404792991865e-06,0.378343867081838,NA,NA,NA,NA,NA,NA,NA,NA,NA,NA,NA,NA,NA,NA,NA,NA
PDE7A,0,0.36,NA,NA,0.00101157962112791,0.331,0,0.691,0,0.363,0,0.504,0,0.491,0,0.851,0,0.453,0,0.595,NA,NA,0,0.565,NA,NA,1.97571195553324e-06,0.272464894669331,0,0.341,0,0.701,NA,NA,0,0.364,0,0.362,0,0.722,0,0.515,0,0.656,0,0.448,0,0.807,0,0.341,0,0.482,NA,NA,0,0.35,NA,NA,5.13327785921545e-08,0.405953659561538
PDXDC1,7.79114127055532e-07,0.271794560706493,NA,NA,NA,NA,0.00112200006330715,0.605032451142424,NA,NA,4.22088462492193e-07,0.276164433821552,2.07242287678864e-06,0.556328498221008,1.09698054753574e-08,0.828157775460761,NA,NA,NA,NA,NA,NA,0.00201481332609686,0.422240326250714,NA,NA,NA,NA,NA,NA,2.77572984200443e-08,0.391016981933714,NA,NA,NA,NA,NA,NA,1.64319391358256e-08,0.455555602934646,5.84809911562627e-06,0.277765719382301,4.14105285900853e-07,0.33687822644776,NA,NA,9.57330279311802e-09,0.405093807844555,NA,NA,NA,NA,NA,NA,NA,NA,NA,NA,NA,NA
PDXDC2P,0.9983,0.5705,NA,NA,NA,NA,1,0.6565,0.9117,0.423,0.9997,0.5653,NA,NA,1,0.9375,NA,NA,0.999,0.5061,NA,NA,0.9194,0.4399,NA,NA,NA,NA,NA,NA,1,0.7287,NA,NA,NA,NA,NA,NA,1,0.7515,0.9889,0.5452,1,0.676,NA,NA,1,0.8446,NA,NA,NA,NA,NA,NA,NA,NA,NA,NA,NA,NA
PHB2,NA,NA,NA,NA,NA,NA,NA,NA,NA,NA,NA,NA,NA,NA,NA,NA,NA,NA,NA,NA,NA,NA,NA,NA,0.00169496119133131,0.450277996237575,NA,NA,NA,NA,NA,NA,0.00106712638200581,0.452184073395617,NA,NA,NA,NA,NA,NA,NA,NA,NA,NA,NA,NA,NA,NA,6.95356539907783e-05,0.50725781846645,NA,NA,NA,NA,NA,NA,NA,NA,NA,NA
PHOX2B-AS1,NA,NA,NA,NA,NA,NA,NA,NA,NA,NA,NA,NA,NA,NA,NA,NA,0.00675832581459571,0.323931795375872,NA,NA,NA,NA,NA,NA,NA,NA,NA,NA,NA,NA,NA,NA,NA,NA,NA,NA,NA,NA,0.000702349233546431,0.499385581283631,0.0410898884208718,0.365710501845096,NA,NA,NA,NA,NA,NA,NA,NA,NA,NA,NA,NA,NA,NA,NA,NA,NA,NA
PITPNB,NA,NA,NA,NA,0.00100433568008483,0.260418616894989,0.000146135217854615,0.27173706293194,NA,NA,NA,NA,8.95814894550844e-09,0.468236820247552,1.37261459574687e-05,0.426032078276811,NA,NA,NA,NA,NA,NA,NA,NA,NA,NA,NA,NA,NA,NA,NA,NA,NA,NA,NA,NA,7.67138552723053e-07,0.264667157755036,1.28822736684047e-07,0.276210623080823,NA,NA,NA,NA,1.18366173013616e-05,0.389524558340298,5.49392371345783e-06,0.401286290436321,NA,NA,NA,NA,NA,NA,NA,NA,NA,NA,NA,NA
PNISR,NA,NA,NA,NA,0.00083675279488216,0.420838360557225,0.00667571104464997,0.41320832858314,NA,NA,NA,NA,8.90278734883352e-05,0.368481372856938,0.000166228237923023,0.354562781640513,NA,NA,NA,NA,NA,NA,NA,NA,NA,NA,NA,NA,2.00853400361874e-05,0.25449494714526,NA,NA,NA,NA,NA,NA,NA,NA,NA,NA,NA,NA,NA,NA,NA,NA,NA,NA,NA,NA,NA,NA,NA,NA,NA,NA,NA,NA,NA,NA
POMT2,0,0.778,0,0.359,NA,NA,0,0.774,0,0.385,0,0.744,NA,NA,0,0.918,NA,NA,0,0.636,NA,NA,0,0.659,NA,NA,6.67671225413884e-08,0.269888969014593,NA,NA,0,0.806,NA,NA,0,0.417,NA,NA,0,0.847,0,0.424,0,0.783,NA,NA,0,0.774,NA,NA,4.59587174084717e-09,0.38796072884706,1.27863374685681e-07,0.519,0.0036980667160379,0.349496469371505,8.917720340712e-07,0.291454709062399,NA,NA
PPP1R26,2.03710595624354e-09,0.413349546887631,NA,NA,NA,NA,0.00014312641694496,0.31713838742447,NA,NA,NA,NA,NA,NA,9.34845471210477e-11,0.295078118566222,NA,NA,NA,NA,0.00191392035512307,0.295954632682534,NA,NA,NA,NA,NA,NA,NA,NA,8.67776885698168e-08,0.260160868184307,NA,NA,NA,NA,2.7689735915197e-06,0.339832861929403,NA,NA,NA,NA,NA,NA,4.48122892792888e-07,0.384716548193467,NA,NA,NA,NA,NA,NA,0.00332011061669444,0.342184758281898,NA,NA,NA,NA,NA,NA
PSMA1,NA,NA,NA,NA,0.9398,0.4309,0.933,0.4266,0.00238298988065758,0.436639484576184,0.00147577630706312,0.468803766289582,1.26756741326056e-05,0.580724057422381,8.50305265725222e-07,0.616013202550294,0.00363953170254662,0.252371796631823,0.000456459629312643,0.260930326440207,NA,NA,NA,NA,NA,NA,NA,NA,NA,NA,NA,NA,NA,NA,NA,NA,0.000227185648373354,0.583392267023703,3.95247784491398e-05,0.613262020621874,5.82486858718656e-06,0.43114723600271,6.49537850730101e-07,0.45489588187264,0.00809258167531839,0.326762984391049,0.00018219165982764,0.358120608452802,NA,NA,NA,NA,NA,NA,NA,NA,NA,NA,NA,NA
PTPRN2,NA,NA,NA,NA,NA,NA,NA,NA,NA,NA,NA,NA,NA,NA,NA,NA,NA,NA,NA,NA,NA,NA,NA,NA,NA,NA,NA,NA,NA,NA,NA,NA,NA,NA,NA,NA,NA,NA,NA,NA,0.0236855981393243,0.327716648063212,NA,NA,NA,NA,NA,NA,NA,NA,NA,NA,NA,NA,NA,NA,NA,NA,NA,NA
RAB2B,NA,NA,NA,NA,0.000203262872032002,0.334118497824727,4.59665816967984e-07,0.435546379280894,NA,NA,NA,NA,5.35796009774434e-16,0.280441694333544,1.33064880920459e-15,0.627460524089382,NA,NA,NA,NA,NA,NA,NA,NA,NA,NA,NA,NA,NA,NA,2.28436939720403e-08,0.304499099742079,NA,NA,NA,NA,NA,NA,NA,NA,NA,NA,NA,NA,NA,NA,NA,NA,NA,NA,NA,NA,NA,NA,NA,NA,NA,NA,NA,NA
RAF1,NA,NA,NA,NA,0.00655043054061032,0.329788478448364,0,0.307,NA,NA,NA,NA,1.13789392796636e-08,0.281830076108063,5.17482558968818e-11,0.406038906874898,NA,NA,NA,NA,NA,NA,NA,NA,NA,NA,NA,NA,NA,NA,1.97853645130237e-10,0.286853935275692,NA,NA,NA,NA,NA,NA,NA,NA,NA,NA,NA,NA,NA,NA,NA,NA,NA,NA,NA,NA,NA,NA,NA,NA,NA,NA,NA,NA
RAP1A,1.36823431538912e-07,0.343,NA,NA,NA,NA,0,0.405,NA,NA,6.10749284479311e-10,0.329,NA,NA,NA,NA,NA,NA,NA,NA,NA,NA,NA,NA,NA,NA,NA,NA,NA,NA,NA,NA,NA,NA,NA,NA,NA,NA,NA,NA,NA,NA,NA,NA,NA,NA,NA,NA,NA,NA,NA,NA,NA,NA,NA,NA,NA,NA,NA,NA
RBBP8,NA,NA,NA,NA,NA,NA,NA,NA,NA,NA,NA,NA,1.41494757067984e-08,0.266193734308343,8.35186609923447e-10,0.269997861801114,NA,NA,NA,NA,NA,NA,NA,NA,NA,NA,NA,NA,NA,NA,NA,NA,NA,NA,NA,NA,NA,NA,NA,NA,NA,NA,NA,NA,NA,NA,NA,NA,NA,NA,NA,NA,NA,NA,NA,NA,NA,NA,NA,NA
RCC1,NA,NA,NA,NA,NA,NA,2.78773443323682e-18,0.267496254869175,NA,NA,NA,NA,0.00659939909829745,0.308,9.66003959961318e-36,0.280840051912306,NA,NA,NA,NA,NA,NA,NA,NA,NA,NA,NA,NA,NA,NA,0.999,0.4035,NA,NA,NA,NA,NA,NA,2.8178219322321e-34,0.259945562379212,NA,NA,0.9192,0.3677,NA,NA,0.9976,0.4116,NA,NA,NA,NA,NA,NA,NA,NA,NA,NA,NA,NA
RCOR3,NA,NA,NA,NA,0.9977,0.4563,0.9985,0.4672,NA,NA,NA,NA,NA,NA,NA,NA,NA,NA,NA,NA,NA,NA,NA,NA,NA,NA,NA,NA,NA,NA,NA,NA,NA,NA,NA,NA,NA,NA,NA,NA,NA,NA,NA,NA,NA,NA,NA,NA,NA,NA,NA,NA,NA,NA,NA,NA,NA,NA,NA,NA
RELA-DT,NA,NA,NA,NA,NA,NA,NA,NA,NA,NA,NA,NA,NA,NA,NA,NA,NA,NA,NA,NA,NA,NA,NA,NA,NA,NA,NA,NA,NA,NA,NA,NA,0.0186344778493037,0.373,NA,NA,NA,NA,NA,NA,NA,NA,NA,NA,0.00212018940362148,0.451,0.00306431363269471,0.45,NA,NA,NA,NA,NA,NA,NA,NA,NA,NA,NA,NA
RNF144A,NA,NA,NA,NA,NA,NA,NA,NA,NA,NA,NA,NA,NA,NA,0.9311,0.3615,NA,NA,NA,NA,NA,NA,NA,NA,NA,NA,NA,NA,NA,NA,NA,NA,NA,NA,NA,NA,NA,NA,NA,NA,NA,NA,NA,NA,NA,NA,NA,NA,NA,NA,NA,NA,NA,NA,NA,NA,NA,NA,NA,NA
RNF213,2.81342454038049e-07,0.419249331121446,NA,NA,NA,NA,0.00519596527337419,0.396038711660091,NA,NA,NA,NA,0.00271778274587911,0.29635742423948,NA,NA,NA,NA,NA,NA,NA,NA,NA,NA,NA,NA,NA,NA,7.99755316710091e-05,0.315977478234193,NA,NA,NA,NA,NA,NA,4.27326508315066e-06,0.403230932433309,NA,NA,NA,NA,NA,NA,1.32484022421476e-06,0.414637762914817,NA,NA,NA,NA,NA,NA,0.0128172714134446,0.379958752745916,NA,NA,NA,NA,NA,NA
RNF32,NA,NA,NA,NA,NA,NA,0.00036464121269257,0.443,NA,NA,NA,NA,0.9622,0.4528,0.9946,0.5292,NA,NA,NA,NA,NA,NA,NA,NA,NA,NA,NA,NA,NA,NA,NA,NA,NA,NA,NA,NA,NA,NA,NA,NA,NA,NA,NA,NA,NA,NA,NA,NA,NA,NA,NA,NA,NA,NA,NA,NA,NA,NA,NA,NA
SAR1A,1,0.7835,0.9932,0.5377,NA,NA,1,0.8163,NA,NA,0.9999,0.68,NA,NA,0.9997,0.6851,NA,NA,NA,NA,NA,NA,0.9987,0.6036,NA,NA,NA,NA,NA,NA,1,0.8135,NA,NA,0.999,0.62,0.992,0.5798,NA,NA,NA,NA,NA,NA,0.9997,0.6697,NA,NA,NA,NA,NA,NA,NA,NA,NA,NA,NA,NA,NA,NA
SCAF11,NA,NA,NA,NA,NA,NA,NA,NA,NA,NA,NA,NA,NA,NA,NA,NA,NA,NA,NA,NA,NA,NA,NA,NA,NA,NA,NA,NA,NA,NA,NA,NA,NA,NA,NA,NA,NA,NA,NA,NA,NA,NA,NA,NA,NA,NA,NA,NA,NA,NA,0.000233313537153345,0.313,NA,NA,NA,NA,NA,NA,NA,NA
SCO1,NA,NA,NA,NA,NA,NA,NA,NA,NA,NA,NA,NA,7.25104271258341e-07,0.263311262060601,1.00756734220891e-08,0.281173002408264,NA,NA,NA,NA,NA,NA,NA,NA,NA,NA,NA,NA,NA,NA,NA,NA,NA,NA,NA,NA,NA,NA,NA,NA,NA,NA,NA,NA,NA,NA,NA,NA,NA,NA,NA,NA,NA,NA,NA,NA,NA,NA,NA,NA
SDCBP2-AS1,NA,NA,NA,NA,0.0321683512448203,0.26344858571677,3.85329472321471e-06,0.407,NA,NA,NA,NA,0.000463523573700589,0.314,6.42573075560698e-06,0.432,NA,NA,NA,NA,NA,NA,NA,NA,NA,NA,NA,NA,NA,NA,0.000154388511526726,0.383,NA,NA,NA,NA,2.77747446938066e-06,0.333,2.80728034361657e-08,0.452,NA,NA,NA,NA,NA,NA,NA,NA,NA,NA,NA,NA,NA,NA,NA,NA,NA,NA,NA,NA
SEMA6D,NA,NA,NA,NA,NA,NA,NA,NA,NA,NA,NA,NA,NA,NA,NA,NA,NA,NA,NA,NA,NA,NA,NA,NA,NA,NA,NA,NA,NA,NA,NA,NA,NA,NA,0.9051,0.4882,NA,NA,NA,NA,NA,NA,NA,NA,NA,NA,NA,NA,NA,NA,NA,NA,NA,NA,NA,NA,NA,NA,NA,NA
SENP6,0,0.478,NA,NA,NA,NA,7.49855424848284e-18,0.29648543353179,NA,NA,1,0.5366,NA,NA,0,0.424,NA,NA,NA,NA,0.9069,0.357,1,0.5109,NA,NA,NA,NA,NA,NA,0,0.316,NA,NA,NA,NA,0,0.332,0.9427,0.3671,NA,NA,NA,NA,0,0.399,NA,NA,NA,NA,NA,NA,6.12536398119204e-07,0.358,NA,NA,NA,NA,NA,NA
SERGEF,0.000614887909959946,0.288132100283104,NA,NA,NA,NA,3.81931442721491e-05,0.331576140520501,NA,NA,8.85714416281842e-05,0.272420379372378,NA,NA,NA,NA,NA,NA,NA,NA,NA,NA,0.000137367258952571,0.301666298593417,NA,NA,NA,NA,NA,NA,1.71424838662741e-05,0.274831453450406,NA,NA,NA,NA,NA,NA,NA,NA,NA,NA,NA,NA,NA,NA,NA,NA,NA,NA,NA,NA,NA,NA,NA,NA,NA,NA,NA,NA
SF3B3,NA,NA,NA,NA,0.000159059523214988,0.357518564817974,3.14419615080311e-06,0.36408540926853,NA,NA,NA,NA,1.22999045722605e-10,0.315891623465426,1.25117650123964e-11,0.31810753875861,NA,NA,NA,NA,NA,NA,NA,NA,NA,NA,NA,NA,NA,NA,NA,NA,NA,NA,NA,NA,2.2263674815507e-07,0.258458998238513,2.54961184461322e-08,0.261036856519819,NA,NA,NA,NA,NA,NA,NA,NA,NA,NA,NA,NA,NA,NA,NA,NA,NA,NA,NA,NA
SLC25A17,0,0.406,NA,NA,NA,NA,0,0.348,NA,NA,3.70258674985174e-07,0.387044084780414,NA,NA,0,0.468,NA,NA,0,0.3,NA,NA,0,0.326,NA,NA,NA,NA,NA,NA,0,0.422,NA,NA,NA,NA,NA,NA,NA,NA,NA,NA,NA,NA,NA,NA,NA,NA,NA,NA,NA,NA,0.000324867510941854,0.421320688831817,NA,NA,NA,NA,NA,NA
SMN1,8.9703504696127e-20,0.251542026508896,NA,NA,NA,NA,0.9993,0.4104,NA,NA,1,0.4279,NA,NA,4.86117100228615e-20,0.253610645358205,NA,NA,0.9971,0.3769,NA,NA,1,0.4796,NA,NA,NA,NA,NA,NA,1,0.4796,NA,NA,NA,NA,NA,NA,NA,NA,NA,NA,NA,NA,NA,NA,0.9967,0.3782,NA,NA,NA,NA,NA,NA,NA,NA,NA,NA,NA,NA
SMN2,1.19785351162562e-24,0.402867570357609,1.07466470353512e-21,0.34249441518597,NA,NA,1.48619803963662e-11,0.383470174631067,NA,NA,3.18148691632623e-25,0.381166564185216,NA,NA,3.87627421201607e-28,0.40133083818927,NA,NA,1.2186667390077e-23,0.363298110020585,NA,NA,3.73839589282264e-25,0.393461315509073,NA,NA,7.12912794919623e-16,0.289315408622125,NA,NA,2.03272104703705e-24,0.394099121126344,NA,NA,1.12800887422356e-24,0.317303522190167,NA,NA,1.76078805470208e-19,0.354955164794902,NA,NA,3.00283205073104e-23,0.326595115888082,NA,NA,3.57512641695242e-22,0.360764691494725,NA,NA,NA,NA,NA,NA,8.08683766826703e-05,0.254077923809948,NA,NA,NA,NA
SNAP23,NA,NA,NA,NA,NA,NA,NA,NA,NA,NA,NA,NA,NA,NA,1.91322593450035e-05,0.264139418063301,2.20938461761969e-05,0.374,NA,NA,NA,NA,NA,NA,NA,NA,NA,NA,NA,NA,NA,NA,NA,NA,NA,NA,NA,NA,NA,NA,NA,NA,NA,NA,0,0.722,NA,NA,NA,NA,NA,NA,NA,NA,NA,NA,NA,NA,NA,NA
SNHG14,NA,NA,3.63379616737605e-05,0.301,NA,NA,NA,NA,NA,NA,NA,NA,NA,NA,NA,NA,NA,NA,NA,NA,0.000891036332543035,0.3,NA,NA,NA,NA,NA,NA,NA,NA,NA,NA,NA,NA,NA,NA,NA,NA,2.0071506286893e-05,0.303,NA,NA,1.24567747433819e-06,0.368,NA,NA,NA,NA,NA,NA,NA,NA,NA,NA,NA,NA,NA,NA,NA,NA
SNX7,NA,NA,NA,NA,NA,NA,4.71150648493016e-06,0.270700483601567,NA,NA,NA,NA,NA,NA,NA,NA,NA,NA,NA,NA,NA,NA,NA,NA,NA,NA,NA,NA,NA,NA,NA,NA,NA,NA,NA,NA,NA,NA,NA,NA,NA,NA,NA,NA,NA,NA,NA,NA,NA,NA,NA,NA,NA,NA,NA,NA,NA,NA,NA,NA
SORCS1,0.9919,0.3782,NA,NA,NA,NA,1,0.4273,NA,NA,NA,NA,NA,NA,NA,NA,NA,NA,NA,NA,NA,NA,NA,NA,NA,NA,NA,NA,NA,NA,NA,NA,NA,NA,NA,NA,NA,NA,NA,NA,NA,NA,NA,NA,NA,NA,NA,NA,NA,NA,NA,NA,NA,NA,NA,NA,NA,NA,NA,NA
SPG7,NA,NA,NA,NA,NA,NA,NA,NA,NA,NA,NA,NA,NA,NA,NA,NA,NA,NA,NA,NA,NA,NA,NA,NA,NA,NA,NA,NA,NA,NA,NA,NA,NA,NA,NA,NA,NA,NA,NA,NA,NA,NA,NA,NA,NA,NA,NA,NA,NA,NA,NA,NA,0.00143380076515019,0.337,NA,NA,NA,NA,NA,NA
SPIDR,NA,NA,NA,NA,0.00670764918453032,0.427554814118248,1,0.5418,3.36862531288946e-05,0.342231590010223,1.68828327351588e-07,0.406766019153141,2.34818576155584e-07,0.538222362681426,2.02132720469095e-10,0.708121980616374,4.21835399397876e-05,0.359977359088781,3.41401414106638e-07,0.42476800478754,NA,NA,0.000213046037548853,0.385154294421097,NA,NA,NA,NA,0.0009667391858788,0.358857675788756,8.29698993852483e-08,0.529551064080081,NA,NA,NA,NA,3.04369947227997e-06,0.465113577218164,1.37377163985265e-09,0.63513401153275,3.26727003919073e-07,0.480390566978186,6.70581220556806e-09,0.544827773664833,7.48242693610825e-05,0.440233033696034,3.78661425989887e-08,0.610712089596199,NA,NA,4.86304036155473e-07,0.28141809039652,NA,NA,NA,NA,NA,NA,NA,NA
SPPL2B,NA,NA,NA,NA,NA,NA,0.00168289689915696,0.507097600226955,NA,NA,NA,NA,NA,NA,NA,NA,NA,NA,NA,NA,NA,NA,NA,NA,NA,NA,NA,NA,NA,NA,NA,NA,NA,NA,NA,NA,NA,NA,NA,NA,NA,NA,NA,NA,NA,NA,NA,NA,NA,NA,NA,NA,NA,NA,NA,NA,NA,NA,NA,NA
SPRY4-AS1,NA,NA,NA,NA,NA,NA,NA,NA,NA,NA,NA,NA,NA,NA,NA,NA,NA,NA,NA,NA,NA,NA,NA,NA,NA,NA,NA,NA,NA,NA,NA,NA,NA,NA,NA,NA,NA,NA,0.0319870424991222,0.316902832364171,NA,NA,NA,NA,NA,NA,NA,NA,NA,NA,NA,NA,NA,NA,NA,NA,NA,NA,NA,NA
SREK1,NA,NA,NA,NA,NA,NA,0,0.318,NA,NA,NA,NA,0,0.33,0,0.367,NA,NA,NA,NA,NA,NA,NA,NA,NA,NA,NA,NA,0.00033987737253366,0.403,9.0473582648148e-05,0.391,NA,NA,NA,NA,NA,NA,NA,NA,NA,NA,NA,NA,NA,NA,NA,NA,NA,NA,NA,NA,NA,NA,NA,NA,NA,NA,NA,NA
ST3GAL5,NA,NA,NA,NA,NA,NA,NA,NA,NA,NA,NA,NA,NA,NA,NA,NA,NA,NA,0.000355381721613088,0.325,NA,NA,NA,NA,NA,NA,NA,NA,NA,NA,NA,NA,NA,NA,NA,NA,NA,NA,NA,NA,NA,NA,NA,NA,NA,NA,0.00037288084017083,0.322,NA,NA,NA,NA,NA,NA,NA,NA,NA,NA,NA,NA
STOX2,NA,NA,NA,NA,0.9875,0.4164,0.9933,0.4525,NA,NA,NA,NA,NA,NA,NA,NA,NA,NA,NA,NA,NA,NA,NA,NA,NA,NA,NA,NA,NA,NA,NA,NA,NA,NA,NA,NA,NA,NA,NA,NA,NA,NA,NA,NA,NA,NA,NA,NA,NA,NA,NA,NA,NA,NA,NA,NA,NA,NA,NA,NA
STRN3,0,0.605,0,0.388,NA,NA,0,0.61,NA,NA,0,0.619,NA,NA,0,0.687,NA,NA,0,0.592,NA,NA,0,0.609,NA,NA,0,0.382,NA,NA,0,0.644,NA,NA,0,0.506,NA,NA,0,0.638,NA,NA,0,0.607,NA,NA,0,0.651,NA,NA,0,0.485,NA,NA,0,0.329,NA,NA,7.02398923341355e-13,0.306
STRN4,NA,NA,NA,NA,NA,NA,NA,NA,NA,NA,NA,NA,0.9525,0.5203,NA,NA,NA,NA,NA,NA,NA,NA,NA,NA,NA,NA,NA,NA,NA,NA,NA,NA,NA,NA,NA,NA,NA,NA,NA,NA,NA,NA,NA,NA,NA,NA,NA,NA,NA,NA,NA,NA,NA,NA,NA,NA,NA,NA,NA,NA
TAB3,NA,NA,NA,NA,NA,NA,0.0481541279195891,0.385,NA,NA,NA,NA,NA,NA,NA,NA,NA,NA,NA,NA,NA,NA,NA,NA,NA,NA,NA,NA,NA,NA,0.0485339126943363,0.384,NA,NA,NA,NA,NA,NA,NA,NA,NA,NA,NA,NA,NA,NA,NA,NA,NA,NA,NA,NA,NA,NA,NA,NA,NA,NA,NA,NA
TAF2,NA,NA,NA,NA,7.09599772491654e-05,0.326,0,0.555,0,0.382,0,0.478,0,0.435,0,0.664,0,0.355,0,0.451,NA,NA,0,0.445,NA,NA,NA,NA,0.000265370859339256,0.270717325665542,0,0.522,2.80410446602052e-05,0.276861540423998,0,0.345,0,0.355,0,0.584,0,0.46,0,0.555,0,0.377,0,0.606,1.66665907984058e-05,0.284535663755084,0,0.357,NA,NA,1.40343841020013e-05,0.338389930726474,NA,NA,1.99333064011051e-05,0.295222342868516
TAF5L,NA,NA,NA,NA,NA,NA,NA,NA,NA,NA,NA,NA,NA,NA,0.9674,0.5214,NA,NA,NA,NA,NA,NA,NA,NA,NA,NA,NA,NA,NA,NA,NA,NA,NA,NA,NA,NA,NA,NA,NA,NA,NA,NA,NA,NA,NA,NA,NA,NA,NA,NA,NA,NA,NA,NA,NA,NA,NA,NA,NA,NA
TARBP1,0.9999,0.6144,NA,NA,NA,NA,8.76815973914056e-06,0.349,NA,NA,NA,NA,NA,NA,NA,NA,NA,NA,NA,NA,NA,NA,NA,NA,NA,NA,NA,NA,NA,NA,NA,NA,NA,NA,NA,NA,0.9813,0.501,NA,NA,NA,NA,NA,NA,0.9776,0.4669,NA,NA,NA,NA,NA,NA,NA,NA,NA,NA,NA,NA,NA,NA
TASP1,0.000633194233647927,0.292526188216125,NA,NA,NA,NA,6.52913395705542e-05,0.400916541816937,NA,NA,NA,NA,NA,NA,NA,NA,NA,NA,NA,NA,NA,NA,0.00158767957860127,0.295934789032008,NA,NA,NA,NA,NA,NA,NA,NA,NA,NA,NA,NA,NA,NA,NA,NA,NA,NA,NA,NA,0.00674031810114544,0.2586044617695,NA,NA,NA,NA,NA,NA,NA,NA,NA,NA,NA,NA,NA,NA
TBCA,NA,NA,NA,NA,0.00352431471870601,0.642388827477176,NA,NA,NA,NA,NA,NA,0.000162794108935345,0.624563517733034,NA,NA,NA,NA,NA,NA,NA,NA,NA,NA,NA,NA,NA,NA,0.000302543918324595,0.569926729248935,NA,NA,NA,NA,NA,NA,2.18175767811126e-05,0.637531822483597,NA,NA,NA,NA,NA,NA,0.00389278868568568,0.432235215270213,NA,NA,NA,NA,NA,NA,NA,NA,NA,NA,NA,NA,NA,NA
TENT2,1.0777429074537e-12,0.292501503316087,NA,NA,NA,NA,1.00033437173246e-09,0.385931525326649,0.9096,0.3788,4.16300189627561e-13,0.313219409922362,0.909,0.3872,6.3116877807953e-15,0.403660994919387,NA,NA,1.0345916891829e-11,0.275871608066695,NA,NA,5.28468436846995e-08,0.30140642354734,NA,NA,NA,NA,NA,NA,6.77041163030184e-13,0.354329683278055,NA,NA,NA,NA,NA,NA,7.7766643708502e-12,0.402584516664127,0.9313,0.3905,2.68768500339513e-13,0.336808801430684,NA,NA,6.71841148146497e-14,0.364082697199767,NA,NA,NA,NA,NA,NA,NA,NA,NA,NA,NA,NA
TET1,NA,NA,NA,NA,NA,NA,0.9997,0.5254,0.901,0.403,0.9986,0.5182,1,0.5668,1.5877697888022e-17,0.334833541780109,NA,NA,NA,NA,NA,NA,NA,NA,NA,NA,NA,NA,NA,NA,0.9776,0.4153,NA,NA,NA,NA,NA,NA,1.65170952034854e-13,0.262191780881609,NA,NA,0.9073,0.3942,NA,NA,1.1570730108705e-16,0.267050568155586,NA,NA,NA,NA,NA,NA,NA,NA,NA,NA,NA,NA
TFR2,NA,NA,NA,NA,NA,NA,NA,NA,NA,NA,NA,NA,NA,NA,0.000427384268561978,0.298752371143084,NA,NA,NA,NA,NA,NA,NA,NA,NA,NA,NA,NA,NA,NA,NA,NA,NA,NA,NA,NA,NA,NA,NA,NA,NA,NA,NA,NA,NA,NA,NA,NA,NA,NA,NA,NA,NA,NA,NA,NA,NA,NA,NA,NA
TIAM1,NA,NA,NA,NA,0.0101476385910822,0.467545322552777,0.00104124889473001,0.56567387964436,0.000389209805328407,0.368180263188627,4.64895107058516e-05,0.412444539777267,2.36225848701252e-05,0.504073333067072,1.95369844075558e-06,0.610490732041061,0.000919283627077148,0.273633867662504,5.16204014676348e-05,0.317094949076234,NA,NA,NA,NA,NA,NA,NA,NA,0.0020871266214852,0.332646451041302,5.28272330058366e-05,0.438826971254455,NA,NA,NA,NA,1.58323469753906e-05,0.450379743854072,9.08379133819992e-07,0.557520685268822,0.000145732598985522,0.439770108804222,3.0471335885454e-05,0.484593422051863,0.000149552890479969,0.352331821480214,3.82846360800299e-06,0.460044418805068,NA,NA,NA,NA,NA,NA,NA,NA,NA,NA,NA,NA
TJP2,NA,NA,NA,NA,NA,NA,NA,NA,NA,NA,NA,NA,NA,NA,3.85338302863455e-07,0.252784558333147,NA,NA,NA,NA,NA,NA,NA,NA,NA,NA,NA,NA,NA,NA,NA,NA,NA,NA,NA,NA,NA,NA,NA,NA,NA,NA,NA,NA,NA,NA,NA,NA,NA,NA,NA,NA,NA,NA,NA,NA,NA,NA,NA,NA
TMEM214,NA,NA,NA,NA,0.00163895634212072,0.378182858840956,7.53660871341585e-06,0.481344438466764,NA,NA,NA,NA,NA,NA,1.73291886421237e-08,0.277294328519063,NA,NA,NA,NA,NA,NA,NA,NA,NA,NA,NA,NA,NA,NA,NA,NA,NA,NA,NA,NA,NA,NA,NA,NA,NA,NA,NA,NA,NA,NA,NA,NA,NA,NA,NA,NA,NA,NA,NA,NA,NA,NA,NA,NA
TMEM237,NA,NA,NA,NA,NA,NA,0.0035700903388712,0.334375751857883,NA,NA,NA,NA,NA,NA,0.00544608133561332,0.272585410322022,NA,NA,NA,NA,NA,NA,NA,NA,NA,NA,0.0482292475315141,0.328691967995037,0.00373943110476769,0.405245669981093,0.000958327725618457,0.371763839082981,NA,NA,NA,NA,NA,NA,NA,NA,NA,NA,NA,NA,NA,NA,NA,NA,NA,NA,NA,NA,NA,NA,NA,NA,NA,NA,0.0208159260178354,0.285947164201039
TMEM50B,NA,NA,NA,NA,0.00320435196126867,0.359798776144879,NA,NA,NA,NA,NA,NA,NA,NA,NA,NA,NA,NA,NA,NA,NA,NA,NA,NA,NA,NA,NA,NA,NA,NA,NA,NA,NA,NA,NA,NA,NA,NA,4.48011215679679e-06,0.26559743962898,NA,NA,NA,NA,NA,NA,NA,NA,NA,NA,NA,NA,NA,NA,NA,NA,NA,NA,NA,NA
TMPO,NA,NA,NA,NA,NA,NA,NA,NA,NA,NA,NA,NA,NA,NA,NA,NA,NA,NA,NA,NA,NA,NA,NA,NA,NA,NA,NA,NA,NA,NA,NA,NA,NA,NA,NA,NA,NA,NA,NA,NA,NA,NA,0.0192406026323313,0.435124404066133,NA,NA,NA,NA,NA,NA,NA,NA,NA,NA,NA,NA,NA,NA,NA,NA
TNFRSF25,NA,NA,NA,NA,NA,NA,0.9834,0.5007,NA,NA,0.9955,0.5361,NA,NA,NA,NA,NA,NA,0.9928,0.5181,NA,NA,0.9839,0.4974,NA,NA,NA,NA,NA,NA,0.9765,0.5095,NA,NA,0.9283,0.4433,NA,NA,0.9543,0.4656,NA,NA,0.9152,0.4348,NA,NA,NA,NA,NA,NA,0.9267,0.4476,NA,NA,NA,NA,NA,NA,NA,NA
TNRC6A,NA,NA,NA,NA,NA,NA,0.9753,0.377,NA,NA,NA,NA,NA,NA,0.9929,0.4028,NA,NA,NA,NA,NA,NA,NA,NA,NA,NA,NA,NA,NA,NA,NA,NA,NA,NA,NA,NA,NA,NA,NA,NA,NA,NA,NA,NA,NA,NA,NA,NA,NA,NA,NA,NA,NA,NA,NA,NA,NA,NA,NA,NA
TOE1,4.46516829665717e-05,0.268372386929835,NA,NA,NA,NA,NA,NA,NA,NA,NA,NA,NA,NA,NA,NA,NA,NA,NA,NA,NA,NA,NA,NA,NA,NA,NA,NA,NA,NA,NA,NA,NA,NA,NA,NA,0.00148539585947859,0.254603529132358,NA,NA,NA,NA,NA,NA,NA,NA,NA,NA,NA,NA,NA,NA,NA,NA,NA,NA,NA,NA,NA,NA
TRAPPC13,NA,NA,NA,NA,NA,NA,8.71229432625752e-05,0.336,NA,NA,NA,NA,NA,NA,NA,NA,NA,NA,NA,NA,NA,NA,NA,NA,NA,NA,NA,NA,NA,NA,NA,NA,NA,NA,0.00035072181491362,0.301,NA,NA,NA,NA,NA,NA,NA,NA,NA,NA,NA,NA,NA,NA,NA,NA,NA,NA,5.65567869944465e-05,0.312,NA,NA,NA,NA
TRIM37,NA,NA,NA,NA,2.37602599192423e-05,0.281667479111572,3.62779004789001e-06,0.324538590829089,NA,NA,NA,NA,NA,NA,NA,NA,NA,NA,NA,NA,NA,NA,NA,NA,NA,NA,NA,NA,NA,NA,NA,NA,NA,NA,NA,NA,NA,NA,NA,NA,NA,NA,NA,NA,NA,NA,NA,NA,NA,NA,NA,NA,NA,NA,NA,NA,NA,NA,NA,NA
TSPAN7,0,0.347,NA,NA,NA,NA,2.15639627366573e-13,0.314,NA,NA,NA,NA,NA,NA,NA,NA,NA,NA,NA,NA,NA,NA,NA,NA,NA,NA,NA,NA,NA,NA,NA,NA,NA,NA,NA,NA,0,0.32,NA,NA,NA,NA,NA,NA,0,0.303,NA,NA,NA,NA,NA,NA,NA,NA,NA,NA,NA,NA,NA,NA
TTC5,NA,NA,NA,NA,NA,NA,NA,NA,NA,NA,0.00199496471282896,0.3,NA,NA,NA,NA,NA,NA,NA,NA,NA,NA,NA,NA,NA,NA,NA,NA,NA,NA,NA,NA,NA,NA,0.0008071553453397,0.34,NA,NA,NA,NA,NA,NA,NA,NA,NA,NA,NA,NA,NA,NA,NA,NA,NA,NA,NA,NA,NA,NA,NA,NA
UBE2Q2P1,NA,NA,NA,NA,NA,NA,NA,NA,NA,NA,NA,NA,NA,NA,NA,NA,NA,NA,NA,NA,NA,NA,NA,NA,NA,NA,NA,NA,NA,NA,NA,NA,NA,NA,NA,NA,NA,NA,0.0490009766637292,0.410676661192289,NA,NA,NA,NA,NA,NA,NA,NA,NA,NA,NA,NA,NA,NA,NA,NA,NA,NA,NA,NA
VDAC3,NA,NA,NA,NA,NA,NA,NA,NA,NA,NA,NA,NA,NA,NA,NA,NA,NA,NA,NA,NA,NA,NA,NA,NA,NA,NA,NA,NA,NA,NA,NA,NA,NA,NA,NA,NA,NA,NA,NA,NA,NA,NA,NA,NA,NA,NA,NA,NA,NA,NA,NA,NA,NA,NA,1.36071072845912e-05,0.417844643131002,NA,NA,NA,NA
VLDLR-AS1,NA,NA,NA,NA,NA,NA,NA,NA,NA,NA,NA,NA,0.0449389101673126,0.282134043193007,NA,NA,NA,NA,NA,NA,NA,NA,NA,NA,NA,NA,NA,NA,0.0107308298260674,0.271532499406389,NA,NA,NA,NA,NA,NA,NA,NA,NA,NA,NA,NA,NA,NA,NA,NA,NA,NA,NA,NA,NA,NA,NA,NA,NA,NA,NA,NA,NA,NA
VPS29,0,0.312,NA,NA,0.0111864248794116,0.386,0,0.742,0,0.515,0,0.596,2.16324151563377e-08,0.49,0,0.834,0,0.407,0,0.464,NA,NA,0,0.366,NA,NA,NA,NA,1.36696351720185e-07,0.459,0,0.768,NA,NA,0,0.34,0,0.535,0,0.874,0,0.59,0,0.647,NA,NA,0,0.568,NA,NA,0,0.313,NA,NA,0,0.304,NA,NA,NA,NA
VPS9D1,NA,NA,NA,NA,NA,NA,NA,NA,NA,NA,NA,NA,NA,NA,NA,NA,NA,NA,NA,NA,NA,NA,NA,NA,NA,NA,NA,NA,NA,NA,NA,NA,NA,NA,NA,NA,NA,NA,NA,NA,NA,NA,NA,NA,0.027742980406687,0.334604551826553,NA,NA,NA,NA,NA,NA,NA,NA,NA,NA,NA,NA,NA,NA
WDR17,2.17002516585841e-13,0.595,0.925,0.4757,NA,NA,0,0.62,NA,NA,0,0.627,NA,NA,0,0.597,NA,NA,0.00141147291082535,0.458479147676424,NA,NA,0,0.61,NA,NA,NA,NA,NA,NA,3.9020672407559e-11,0.547,NA,NA,0.000150675824682242,0.446,NA,NA,0,0.648,NA,NA,0,0.644,NA,NA,0,0.681,NA,NA,0.00224173401310075,0.382901138691483,NA,NA,NA,NA,NA,NA,NA,NA
WDR27,NA,NA,NA,NA,0.00621455462438162,0.534476974108645,0.00135722804515202,0.695978107524794,4.53247011665135e-06,0.534661375537784,4.2900118464657e-06,0.583946492721063,9.40864255655873e-06,0.600108172868848,6.98601517373558e-06,0.780651676014136,2.21628231271546e-05,0.442201084119307,1.44975627540105e-05,0.48916913489388,NA,NA,0.0142808840468259,0.533460185501455,NA,NA,NA,NA,0.00072684614079469,0.433098126613416,5.69532210988561e-05,0.612898739794443,0.00255351115766027,0.290695603547525,0.000470713059384059,0.336575484610238,1.95283404058822e-06,0.509981972902558,6.5415311804562e-07,0.696491895706001,2.93032835548837e-07,0.624075691930209,5.14445067149467e-07,0.672845115126526,9.1473169086397e-07,0.568441477538331,6.03172293234806e-07,0.752746493142275,NA,NA,0.0347492765242229,0.30663394745703,NA,NA,NA,NA,NA,NA,NA,NA
WDR90,NA,NA,NA,NA,NA,NA,1.96134762714375e-05,0.358,NA,NA,NA,NA,NA,NA,NA,NA,NA,NA,NA,NA,NA,NA,NA,NA,NA,NA,NA,NA,NA,NA,0.9996,0.61,NA,NA,NA,NA,NA,NA,NA,NA,NA,NA,NA,NA,NA,NA,NA,NA,NA,NA,NA,NA,NA,NA,NA,NA,NA,NA,NA,NA
WNK1,NA,NA,NA,NA,5.77411205111368e-06,0.326155695261496,2.1518669217063e-06,0.327242152855947,NA,NA,NA,NA,2.4587283950443e-09,0.266122159731397,9.8108239543346e-10,0.267095826332774,NA,NA,NA,NA,NA,NA,NA,NA,NA,NA,NA,NA,NA,NA,NA,NA,NA,NA,NA,NA,NA,NA,NA,NA,NA,NA,NA,NA,NA,NA,NA,NA,NA,NA,NA,NA,NA,NA,NA,NA,NA,NA,NA,NA
WSB1,NA,NA,NA,NA,NA,NA,0.0226079879805589,0.275084352409423,NA,NA,NA,NA,NA,NA,NA,NA,NA,NA,NA,NA,NA,NA,NA,NA,NA,NA,NA,NA,NA,NA,NA,NA,NA,NA,NA,NA,NA,NA,NA,NA,NA,NA,NA,NA,NA,NA,NA,NA,NA,NA,NA,NA,NA,NA,NA,NA,NA,NA,NA,NA
XRN2,NA,NA,NA,NA,7.02121115024698e-07,0.421884323733127,4.29196546637685e-05,0.395036354840903,NA,NA,NA,NA,3.73971205235407e-15,0.333410947586587,1.00050476762484e-12,0.33426392008343,NA,NA,NA,NA,NA,NA,NA,NA,NA,NA,NA,NA,NA,NA,NA,NA,NA,NA,NA,NA,2.17899366036436e-09,0.252372179197982,3.35710066459673e-08,0.263216819053022,NA,NA,NA,NA,NA,NA,NA,NA,NA,NA,NA,NA,NA,NA,NA,NA,NA,NA,NA,NA
ZFP82,NA,NA,NA,NA,2.60377801378271e-06,0.359522435685725,5.09084434158036e-07,0.387551798255421,NA,NA,2.03714967255398e-07,0.251374774683268,2.31285701848235e-10,0.397429381838206,0.0212596033058964,0.299935020963831,NA,NA,NA,NA,NA,NA,NA,NA,NA,NA,NA,NA,NA,NA,5.36962364651786e-09,0.276743011854086,NA,NA,NA,NA,7.76386790615989e-09,0.296989341737896,NA,NA,NA,NA,NA,NA,2.51559283901781e-07,0.285859501215338,6.00032374820242e-08,0.35462535319325,NA,NA,NA,NA,NA,NA,NA,NA,NA,NA,NA,NA
ZMIZ2,NA,NA,NA,NA,NA,NA,0,0.302,NA,NA,NA,NA,NA,NA,0,0.317,NA,NA,NA,NA,NA,NA,NA,NA,NA,NA,NA,NA,NA,NA,2.83826847859097e-11,0.251683877336294,NA,NA,NA,NA,NA,NA,0.00299164973154689,0.301,NA,NA,0.000335607335286367,0.359,NA,NA,0.00116598323545859,0.332,NA,NA,NA,NA,NA,NA,NA,NA,NA,NA,NA,NA
ZMYM6,NA,NA,NA,NA,0.00017607398710863,0.315053383805202,1,0.4782,NA,NA,NA,NA,NA,NA,NA,NA,NA,NA,NA,NA,NA,NA,NA,NA,NA,NA,NA,NA,NA,NA,NA,NA,NA,NA,NA,NA,1.1263973780167e-06,0.290023715510453,7.55213994219264e-08,0.303753402393957,NA,NA,NA,NA,NA,NA,NA,NA,NA,NA,NA,NA,NA,NA,NA,NA,NA,NA,NA,NA
ZNF350,NA,NA,NA,NA,NA,NA,0.00232853973549573,0.400051141055179,NA,NA,NA,NA,NA,NA,NA,NA,NA,NA,NA,NA,NA,NA,NA,NA,NA,NA,NA,NA,NA,NA,NA,NA,NA,NA,NA,NA,NA,NA,NA,NA,NA,NA,NA,NA,NA,NA,NA,NA,NA,NA,NA,NA,NA,NA,NA,NA,NA,NA,NA,NA
ZNF37BP,3.82916024359132e-06,0.412312942742834,NA,NA,NA,NA,0.0372574741558215,0.556532868231689,1.40324366328142e-06,0.314087183093298,0.0492159813268574,0.505936463768508,0.9621,0.4389,0.0241696698552881,0.585741997021514,2.11265357499189e-06,0.280196915486985,1.83158601839243e-08,0.479645970324564,NA,NA,1,0.6709,NA,NA,NA,NA,NA,NA,0.0125526230116294,0.568908106379021,NA,NA,1.72714862323949e-05,0.430372286904078,NA,NA,0.0452072976025956,0.574321652318894,4.99136055891527e-09,0.34093858468259,2.44665975258481e-10,0.537947251621852,NA,NA,0.0323919000469785,0.600254439621945,NA,NA,1.7343153257159e-07,0.408775900367678,NA,NA,5.52160776168421e-05,0.36686717929119,NA,NA,0.0453550677518344,0.299163091689952
ZNF618,NA,NA,NA,NA,NA,NA,0,0.316,NA,NA,NA,NA,NA,NA,0,0.324,NA,NA,NA,NA,NA,NA,0.0170379574107359,0.263279898471937,NA,NA,NA,NA,NA,NA,7.52246641822793e-06,0.290588536568675,NA,NA,NA,NA,NA,NA,2.42593443935867e-06,0.343128586524818,NA,NA,0.000220309590405719,0.274899980036053,NA,NA,2.04454451547325e-05,0.343872512420617,NA,NA,NA,NA,NA,NA,NA,NA,NA,NA,NA,NA
ZNF66,NA,NA,NA,NA,NA,NA,1,0.5935,NA,NA,NA,NA,NA,NA,NA,NA,NA,NA,NA,NA,NA,NA,NA,NA,NA,NA,NA,NA,NA,NA,NA,NA,NA,NA,NA,NA,NA,NA,NA,NA,NA,NA,NA,NA,NA,NA,NA,NA,NA,NA,NA,NA,NA,NA,NA,NA,NA,NA,NA,NA
ZNF680,NA,NA,NA,NA,0.9313,0.367,0.9276,0.3624,NA,NA,NA,NA,NA,NA,NA,NA,NA,NA,NA,NA,NA,NA,NA,NA,NA,NA,NA,NA,NA,NA,NA,NA,NA,NA,NA,NA,NA,NA,NA,NA,NA,NA,NA,NA,NA,NA,NA,NA,NA,NA,NA,NA,NA,NA,NA,NA,NA,NA,NA,NA
ZNF730,NA,NA,NA,NA,0.00586827043146557,0.313677129589679,0.00294973330030065,0.335489842436769,NA,NA,NA,NA,NA,NA,0.00717031588559855,0.269509458830901,NA,NA,NA,NA,NA,NA,NA,NA,NA,NA,NA,NA,NA,NA,NA,NA,NA,NA,NA,NA,NA,NA,NA,NA,NA,NA,NA,NA,NA,NA,NA,NA,NA,NA,NA,NA,NA,NA,NA,NA,NA,NA,NA,NA
