TST_ID	Plate_Name	Well	Well_Row	Well_Column	Sample_Name	Sample_Type	Sample_Process	Concentration	Volume	RIN	Annotated_By	Organism	Organ	Tissue	Cell_Type	Cell_Line	Gender	Disease	Race	Ethnicity	Treatment	Timepoint	Genotype	Age	Index_ID	Index_Tag	Index_ID2	Index_Tag2	Status	Status_Time	Notes	Sapio_Profile	Sapio_Submission_ID	Sapio_Request_ID	Sapio_Request_Name	Sapio_Plate_ID	Sapio_Plate_Name	Sapio_Sample_ID	Sapio_IndexBarcode	Sapio_URL	ID
TST12145	TST12145	G3	G	3	U1-WT100-EtOH-2	RNA	ELN Illumina RNA Sequencing	346.5	20	9.14		Homo sapiens									U1_WT100_EtOH									5/5/23 9:58		Biogen_Production	469	2028709	REQ100435	2028710	BRP100668	2028733		https://ngslims.biogen.com:8443/veloxClient/VeloxClient.html?app=5ad60a2e-9555-4011-95e8-8e7923ec0cdc#dataType=Sample;group=2;parentdataType=Plate;recordId=2028733;view=dataRecord	37149
TST12145	TST12145	H3	H	3	U1-WT100-CHX-2	RNA	ELN Illumina RNA Sequencing	287.3	20	9.22		Homo sapiens									U1_WT100_CHX									5/5/23 9:58		Biogen_Production	469	2028709	REQ100435	2028710	BRP100668	2028734		https://ngslims.biogen.com:8443/veloxClient/VeloxClient.html?app=5ad60a2e-9555-4011-95e8-8e7923ec0cdc#dataType=Sample;group=2;parentdataType=Plate;recordId=2028734;view=dataRecord	37150
TST12145	TST12145	A4	A	4	U1-WT500-EtOH-2	RNA	ELN Illumina RNA Sequencing	281.3	20	8.57		Homo sapiens									U1_WT500_EtOH									5/5/23 9:58		Biogen_Production	469	2028709	REQ100435	2028710	BRP100668	2028735		https://ngslims.biogen.com:8443/veloxClient/VeloxClient.html?app=5ad60a2e-9555-4011-95e8-8e7923ec0cdc#dataType=Sample;group=2;parentdataType=Plate;recordId=2028735;view=dataRecord	37151
TST12145	TST12145	B4	B	4	U1-WT500-CHX-2	RNA	ELN Illumina RNA Sequencing	264.2	20	8.71		Homo sapiens									U1_WT500_CHX									5/5/23 9:58		Biogen_Production	469	2028709	REQ100435	2028710	BRP100668	2028736		https://ngslims.biogen.com:8443/veloxClient/VeloxClient.html?app=5ad60a2e-9555-4011-95e8-8e7923ec0cdc#dataType=Sample;group=2;parentdataType=Plate;recordId=2028736;view=dataRecord	37152
TST12145	TST12145	C4	C	4	U1-mut1-100-EtOH-2	RNA	ELN Illumina RNA Sequencing	318.8	20	9.02		Homo sapiens									U1_mut1_100_EtOH									5/5/23 9:58		Biogen_Production	469	2028709	REQ100435	2028710	BRP100668	2028737		https://ngslims.biogen.com:8443/veloxClient/VeloxClient.html?app=5ad60a2e-9555-4011-95e8-8e7923ec0cdc#dataType=Sample;group=2;parentdataType=Plate;recordId=2028737;view=dataRecord	37153
TST12145	TST12145	D4	D	4	U1-mut1-100-CHX-2	RNA	ELN Illumina RNA Sequencing	335.9	20	8.71		Homo sapiens									U1_mut1_100_CHX									5/5/23 9:58		Biogen_Production	469	2028709	REQ100435	2028710	BRP100668	2028738		https://ngslims.biogen.com:8443/veloxClient/VeloxClient.html?app=5ad60a2e-9555-4011-95e8-8e7923ec0cdc#dataType=Sample;group=2;parentdataType=Plate;recordId=2028738;view=dataRecord	37154
TST12145	TST12145	E4	E	4	U1-mut1-500-EtOH-2	RNA	ELN Illumina RNA Sequencing	307.4	20	8.93		Homo sapiens									U1_mut1_500_EtOH									5/5/23 9:58		Biogen_Production	469	2028709	REQ100435	2028710	BRP100668	2028739		https://ngslims.biogen.com:8443/veloxClient/VeloxClient.html?app=5ad60a2e-9555-4011-95e8-8e7923ec0cdc#dataType=Sample;group=2;parentdataType=Plate;recordId=2028739;view=dataRecord	37155
TST12145	TST12145	F4	F	4	U1-mut1-500-CHX-2	RNA	ELN Illumina RNA Sequencing	255.4	20	8.85		Homo sapiens									U1_mut1_500_CHX									5/5/23 9:58		Biogen_Production	469	2028709	REQ100435	2028710	BRP100668	2028740		https://ngslims.biogen.com:8443/veloxClient/VeloxClient.html?app=5ad60a2e-9555-4011-95e8-8e7923ec0cdc#dataType=Sample;group=2;parentdataType=Plate;recordId=2028740;view=dataRecord	37156
TST12145	TST12145	G4	G	4	U1-mut2-100-EtOH-2	RNA	ELN Illumina RNA Sequencing	372.9	20	8.42		Homo sapiens									U1_mut2_100_EtOH									5/5/23 9:58		Biogen_Production	469	2028709	REQ100435	2028710	BRP100668	2028741		https://ngslims.biogen.com:8443/veloxClient/VeloxClient.html?app=5ad60a2e-9555-4011-95e8-8e7923ec0cdc#dataType=Sample;group=2;parentdataType=Plate;recordId=2028741;view=dataRecord	37157
TST12145	TST12145	H4	H	4	U1-mut2-100-CHX-2	RNA	ELN Illumina RNA Sequencing	335.9	20	7.67		Homo sapiens									U1_mut2_100_CHX									5/5/23 9:58		Biogen_Production	469	2028709	REQ100435	2028710	BRP100668	2028742		https://ngslims.biogen.com:8443/veloxClient/VeloxClient.html?app=5ad60a2e-9555-4011-95e8-8e7923ec0cdc#dataType=Sample;group=2;parentdataType=Plate;recordId=2028742;view=dataRecord	37158
TST12145	TST12145	A5	A	5	U1-mut2-500-EtOH-2	RNA	ELN Illumina RNA Sequencing	304.4	20	7.52		Homo sapiens									U1_mut2_500_EtOH									5/5/23 9:58		Biogen_Production	469	2028709	REQ100435	2028710	BRP100668	2028743		https://ngslims.biogen.com:8443/veloxClient/VeloxClient.html?app=5ad60a2e-9555-4011-95e8-8e7923ec0cdc#dataType=Sample;group=2;parentdataType=Plate;recordId=2028743;view=dataRecord	37159
TST12145	TST12145	B5	B	5	U1-mut2-500-CHX-2	RNA	ELN Illumina RNA Sequencing	275.5	20	8.63		Homo sapiens									U1_mut2_500_CHX									5/5/23 9:58		Biogen_Production	469	2028709	REQ100435	2028710	BRP100668	2028744		https://ngslims.biogen.com:8443/veloxClient/VeloxClient.html?app=5ad60a2e-9555-4011-95e8-8e7923ec0cdc#dataType=Sample;group=2;parentdataType=Plate;recordId=2028744;view=dataRecord	37160
TST12145	TST12145	C5	C	5	Branaplam-EtOH-2	RNA	ELN Illumina RNA Sequencing	344.4	20	8.58		Homo sapiens									Branaplam_EtOH									5/5/23 9:58		Biogen_Production	469	2028709	REQ100435	2028710	BRP100668	2028745		https://ngslims.biogen.com:8443/veloxClient/VeloxClient.html?app=5ad60a2e-9555-4011-95e8-8e7923ec0cdc#dataType=Sample;group=2;parentdataType=Plate;recordId=2028745;view=dataRecord	37161
TST12145	TST12145	D5	D	5	Branaplam-CHX-2	RNA	ELN Illumina RNA Sequencing	340.6	20	8.77		Homo sapiens									Branaplam_CHX									5/5/23 9:58		Biogen_Production	469	2028709	REQ100435	2028710	BRP100668	2028746		https://ngslims.biogen.com:8443/veloxClient/VeloxClient.html?app=5ad60a2e-9555-4011-95e8-8e7923ec0cdc#dataType=Sample;group=2;parentdataType=Plate;recordId=2028746;view=dataRecord	37162
TST12145	TST12145	E5	E	5	BIO2197294-EtOH-2	RNA	ELN Illumina RNA Sequencing	329.3	20	7.78		Homo sapiens									BIO2197294_EtOH									5/5/23 9:58		Biogen_Production	469	2028709	REQ100435	2028710	BRP100668	2028747		https://ngslims.biogen.com:8443/veloxClient/VeloxClient.html?app=5ad60a2e-9555-4011-95e8-8e7923ec0cdc#dataType=Sample;group=2;parentdataType=Plate;recordId=2028747;view=dataRecord	37163
TST12145	TST12145	F5	F	5	BIO2197294-CHX-2	RNA	ELN Illumina RNA Sequencing	281.2	20	8.79		Homo sapiens									BIO2197294_CHX									5/5/23 9:58		Biogen_Production	469	2028709	REQ100435	2028710	BRP100668	2028748		https://ngslims.biogen.com:8443/veloxClient/VeloxClient.html?app=5ad60a2e-9555-4011-95e8-8e7923ec0cdc#dataType=Sample;group=2;parentdataType=Plate;recordId=2028748;view=dataRecord	37164
TST12145	TST12145	G5	G	5	BIO2195127-EtOH-2	RNA	ELN Illumina RNA Sequencing	341.1	20	7.72		Homo sapiens									BIO2195127_EtOH									5/5/23 9:58		Biogen_Production	469	2028709	REQ100435	2028710	BRP100668	2028749		https://ngslims.biogen.com:8443/veloxClient/VeloxClient.html?app=5ad60a2e-9555-4011-95e8-8e7923ec0cdc#dataType=Sample;group=2;parentdataType=Plate;recordId=2028749;view=dataRecord	37165
TST12145	TST12145	H5	H	5	BIO2195127-CHX-2	RNA	ELN Illumina RNA Sequencing	340.9	20	7.55		Homo sapiens									BIO2195127_CHX									5/5/23 9:58		Biogen_Production	469	2028709	REQ100435	2028710	BRP100668	2028750		https://ngslims.biogen.com:8443/veloxClient/VeloxClient.html?app=5ad60a2e-9555-4011-95e8-8e7923ec0cdc#dataType=Sample;group=2;parentdataType=Plate;recordId=2028750;view=dataRecord	37166
TST12145	TST12145	A6	A	6	DMSO-EtOH-2	RNA	ELN Illumina RNA Sequencing	349.5	20	7.7		Homo sapiens									DMSO_EtOH									5/5/23 9:58		Biogen_Production	469	2028709	REQ100435	2028710	BRP100668	2028751		https://ngslims.biogen.com:8443/veloxClient/VeloxClient.html?app=5ad60a2e-9555-4011-95e8-8e7923ec0cdc#dataType=Sample;group=2;parentdataType=Plate;recordId=2028751;view=dataRecord	37167
TST12145	TST12145	B6	B	6	DMSO-CHX-2	RNA	ELN Illumina RNA Sequencing	335.5	20	8.54		Homo sapiens									DMSO_CHX									5/5/23 9:58		Biogen_Production	469	2028709	REQ100435	2028710	BRP100668	2028752		https://ngslims.biogen.com:8443/veloxClient/VeloxClient.html?app=5ad60a2e-9555-4011-95e8-8e7923ec0cdc#dataType=Sample;group=2;parentdataType=Plate;recordId=2028752;view=dataRecord	37168
TST12145	TST12145	C6	C	6	U1-WT-500-Branaplam-2	RNA	ELN Illumina RNA Sequencing	318	20	7.64		Homo sapiens									U1_WT_500_Branaplam									5/5/23 9:58		Biogen_Production	469	2028709	REQ100435	2028710	BRP100668	2028753		https://ngslims.biogen.com:8443/veloxClient/VeloxClient.html?app=5ad60a2e-9555-4011-95e8-8e7923ec0cdc#dataType=Sample;group=2;parentdataType=Plate;recordId=2028753;view=dataRecord	37169
TST12145	TST12145	D6	D	6	U1-WT-500-BIO2197294-2	RNA	ELN Illumina RNA Sequencing	305	20	8.9		Homo sapiens									U1_WT_500_BIO2197294									5/5/23 9:58		Biogen_Production	469	2028709	REQ100435	2028710	BRP100668	2028754		https://ngslims.biogen.com:8443/veloxClient/VeloxClient.html?app=5ad60a2e-9555-4011-95e8-8e7923ec0cdc#dataType=Sample;group=2;parentdataType=Plate;recordId=2028754;view=dataRecord	37170
TST12145	TST12145	E6	E	6	U1-WT100-EtOH-3	RNA	ELN Illumina RNA Sequencing	365.2	20	8.65		Homo sapiens									U1_WT100_EtOH									5/5/23 9:58		Biogen_Production	469	2028709	REQ100435	2028710	BRP100668	2028755		https://ngslims.biogen.com:8443/veloxClient/VeloxClient.html?app=5ad60a2e-9555-4011-95e8-8e7923ec0cdc#dataType=Sample;group=2;parentdataType=Plate;recordId=2028755;view=dataRecord	37171
TST12145	TST12145	F6	F	6	U1-WT100-CHX-3	RNA	ELN Illumina RNA Sequencing	292.7	20	8.77		Homo sapiens									U1_WT100_CHX									5/5/23 9:58		Biogen_Production	469	2028709	REQ100435	2028710	BRP100668	2028756		https://ngslims.biogen.com:8443/veloxClient/VeloxClient.html?app=5ad60a2e-9555-4011-95e8-8e7923ec0cdc#dataType=Sample;group=2;parentdataType=Plate;recordId=2028756;view=dataRecord	37172
TST12145	TST12145	G6	G	6	U1-WT500-EtOH-3	RNA	ELN Illumina RNA Sequencing	314.2	20	8.74		Homo sapiens									U1_WT500_EtOH									5/5/23 9:58		Biogen_Production	469	2028709	REQ100435	2028710	BRP100668	2028757		https://ngslims.biogen.com:8443/veloxClient/VeloxClient.html?app=5ad60a2e-9555-4011-95e8-8e7923ec0cdc#dataType=Sample;group=2;parentdataType=Plate;recordId=2028757;view=dataRecord	37173
TST12145	TST12145	H6	H	6	U1-WT500-CHX-3	RNA	ELN Illumina RNA Sequencing	274.1	20	8.6		Homo sapiens									U1_WT500_CHX									5/5/23 9:58		Biogen_Production	469	2028709	REQ100435	2028710	BRP100668	2028758		https://ngslims.biogen.com:8443/veloxClient/VeloxClient.html?app=5ad60a2e-9555-4011-95e8-8e7923ec0cdc#dataType=Sample;group=2;parentdataType=Plate;recordId=2028758;view=dataRecord	37174
TST12145	TST12145	A7	A	7	U1-mut1-100-EtOH-3	RNA	ELN Illumina RNA Sequencing	324.6	20	7.68		Homo sapiens									U1_mut1_100_EtOH									5/5/23 9:58		Biogen_Production	469	2028709	REQ100435	2028710	BRP100668	2028759		https://ngslims.biogen.com:8443/veloxClient/VeloxClient.html?app=5ad60a2e-9555-4011-95e8-8e7923ec0cdc#dataType=Sample;group=2;parentdataType=Plate;recordId=2028759;view=dataRecord	37175
TST12145	TST12145	B7	B	7	U1-mut1-100-CHX-3	RNA	ELN Illumina RNA Sequencing	334	20	8.59		Homo sapiens									U1_mut1_100_CHX									5/5/23 9:58		Biogen_Production	469	2028709	REQ100435	2028710	BRP100668	2028760		https://ngslims.biogen.com:8443/veloxClient/VeloxClient.html?app=5ad60a2e-9555-4011-95e8-8e7923ec0cdc#dataType=Sample;group=2;parentdataType=Plate;recordId=2028760;view=dataRecord	37176
TST12145	TST12145	C7	C	7	U1-mut1-500-EtOH-3	RNA	ELN Illumina RNA Sequencing	331.4	20	8.69		Homo sapiens									U1_mut1_500_EtOH									5/5/23 9:58		Biogen_Production	469	2028709	REQ100435	2028710	BRP100668	2028761		https://ngslims.biogen.com:8443/veloxClient/VeloxClient.html?app=5ad60a2e-9555-4011-95e8-8e7923ec0cdc#dataType=Sample;group=2;parentdataType=Plate;recordId=2028761;view=dataRecord	37177
TST12145	TST12145	D7	D	7	U1-mut1-500-CHX-3	RNA	ELN Illumina RNA Sequencing	285.2	20	8.84		Homo sapiens									U1_mut1_500_CHX									5/5/23 9:58		Biogen_Production	469	2028709	REQ100435	2028710	BRP100668	2028762		https://ngslims.biogen.com:8443/veloxClient/VeloxClient.html?app=5ad60a2e-9555-4011-95e8-8e7923ec0cdc#dataType=Sample;group=2;parentdataType=Plate;recordId=2028762;view=dataRecord	37178
TST12145	TST12145	E7	E	7	U1-mut2-100-EtOH-3	RNA	ELN Illumina RNA Sequencing	358.5	20	7.71		Homo sapiens									U1_mut2_100_EtOH									5/5/23 9:58		Biogen_Production	469	2028709	REQ100435	2028710	BRP100668	2028763		https://ngslims.biogen.com:8443/veloxClient/VeloxClient.html?app=5ad60a2e-9555-4011-95e8-8e7923ec0cdc#dataType=Sample;group=2;parentdataType=Plate;recordId=2028763;view=dataRecord	37179
TST12145	TST12145	F7	F	7	U1-mut2-100-CHX-3	RNA	ELN Illumina RNA Sequencing	331.9	20	8.66		Homo sapiens									U1_mut2_100_CHX									5/5/23 9:58		Biogen_Production	469	2028709	REQ100435	2028710	BRP100668	2028764		https://ngslims.biogen.com:8443/veloxClient/VeloxClient.html?app=5ad60a2e-9555-4011-95e8-8e7923ec0cdc#dataType=Sample;group=2;parentdataType=Plate;recordId=2028764;view=dataRecord	37180
TST12145	TST12145	G7	G	7	U1-mut2-500-EtOH-3	RNA	ELN Illumina RNA Sequencing	308	20	8.67		Homo sapiens									U1_mut2_500_EtOH									5/5/23 9:58		Biogen_Production	469	2028709	REQ100435	2028710	BRP100668	2028765		https://ngslims.biogen.com:8443/veloxClient/VeloxClient.html?app=5ad60a2e-9555-4011-95e8-8e7923ec0cdc#dataType=Sample;group=2;parentdataType=Plate;recordId=2028765;view=dataRecord	37181
TST12145	TST12145	H7	H	7	U1-mut2-500-CHX-3	RNA	ELN Illumina RNA Sequencing	273.1	20	8.25		Homo sapiens									U1_mut2_500_CHX									5/5/23 9:58		Biogen_Production	469	2028709	REQ100435	2028710	BRP100668	2028766		https://ngslims.biogen.com:8443/veloxClient/VeloxClient.html?app=5ad60a2e-9555-4011-95e8-8e7923ec0cdc#dataType=Sample;group=2;parentdataType=Plate;recordId=2028766;view=dataRecord	37182
TST12145	TST12145	A8	A	8	Branaplam-EtOH-3	RNA	ELN Illumina RNA Sequencing	363.4	20	7.72		Homo sapiens									Branaplam_EtOH									5/5/23 9:58		Biogen_Production	469	2028709	REQ100435	2028710	BRP100668	2028767		https://ngslims.biogen.com:8443/veloxClient/VeloxClient.html?app=5ad60a2e-9555-4011-95e8-8e7923ec0cdc#dataType=Sample;group=2;parentdataType=Plate;recordId=2028767;view=dataRecord	37183
TST12145	TST12145	B8	B	8	Branaplam-CHX-3	RNA	ELN Illumina RNA Sequencing	345.7	20	8.61		Homo sapiens									Branaplam_CHX									5/5/23 9:58		Biogen_Production	469	2028709	REQ100435	2028710	BRP100668	2028768		https://ngslims.biogen.com:8443/veloxClient/VeloxClient.html?app=5ad60a2e-9555-4011-95e8-8e7923ec0cdc#dataType=Sample;group=2;parentdataType=Plate;recordId=2028768;view=dataRecord	37184
TST12145	TST12145	C8	C	8	BIO2197294-EtOH-3	RNA	ELN Illumina RNA Sequencing	388.5	20	7.76		Homo sapiens									BIO2197294_EtOH									5/5/23 9:58		Biogen_Production	469	2028709	REQ100435	2028710	BRP100668	2028769		https://ngslims.biogen.com:8443/veloxClient/VeloxClient.html?app=5ad60a2e-9555-4011-95e8-8e7923ec0cdc#dataType=Sample;group=2;parentdataType=Plate;recordId=2028769;view=dataRecord	37185
TST12145	TST12145	D8	D	8	BIO2197294-CHX-3	RNA	ELN Illumina RNA Sequencing	335.6	20	8.59		Homo sapiens									BIO2197294_CHX									5/5/23 9:58		Biogen_Production	469	2028709	REQ100435	2028710	BRP100668	2028770		https://ngslims.biogen.com:8443/veloxClient/VeloxClient.html?app=5ad60a2e-9555-4011-95e8-8e7923ec0cdc#dataType=Sample;group=2;parentdataType=Plate;recordId=2028770;view=dataRecord	37186
TST12145	TST12145	E8	E	8	BIO2195127-EtOH-3	RNA	ELN Illumina RNA Sequencing	353.7	20	7.96		Homo sapiens									BIO2195127_EtOH									5/5/23 9:58		Biogen_Production	469	2028709	REQ100435	2028710	BRP100668	2028771		https://ngslims.biogen.com:8443/veloxClient/VeloxClient.html?app=5ad60a2e-9555-4011-95e8-8e7923ec0cdc#dataType=Sample;group=2;parentdataType=Plate;recordId=2028771;view=dataRecord	37187
TST12145	TST12145	F8	F	8	BIO2195127-CHX-3	RNA	ELN Illumina RNA Sequencing	342.1	20	8.2		Homo sapiens									BIO2195127_CHX									5/5/23 9:58		Biogen_Production	469	2028709	REQ100435	2028710	BRP100668	2028772		https://ngslims.biogen.com:8443/veloxClient/VeloxClient.html?app=5ad60a2e-9555-4011-95e8-8e7923ec0cdc#dataType=Sample;group=2;parentdataType=Plate;recordId=2028772;view=dataRecord	37188
TST12145	TST12145	G8	G	8	DMSO-EtOH-3	RNA	ELN Illumina RNA Sequencing	371.5	20	8.54		Homo sapiens									DMSO_EtOH									5/5/23 9:58		Biogen_Production	469	2028709	REQ100435	2028710	BRP100668	2028773		https://ngslims.biogen.com:8443/veloxClient/VeloxClient.html?app=5ad60a2e-9555-4011-95e8-8e7923ec0cdc#dataType=Sample;group=2;parentdataType=Plate;recordId=2028773;view=dataRecord	37189
TST12145	TST12145	H8	H	8	DMSO-CHX-3	RNA	ELN Illumina RNA Sequencing	319.4	20	7.7		Homo sapiens									DMSO_CHX									5/5/23 9:58		Biogen_Production	469	2028709	REQ100435	2028710	BRP100668	2028774		https://ngslims.biogen.com:8443/veloxClient/VeloxClient.html?app=5ad60a2e-9555-4011-95e8-8e7923ec0cdc#dataType=Sample;group=2;parentdataType=Plate;recordId=2028774;view=dataRecord	37190
TST12145	TST12145	A9	A	9	U1-WT-500-Branaplam-3	RNA	ELN Illumina RNA Sequencing	322.8	20	7.68		Homo sapiens									U1_WT_500_Branaplam									5/5/23 9:58		Biogen_Production	469	2028709	REQ100435	2028710	BRP100668	2028775		https://ngslims.biogen.com:8443/veloxClient/VeloxClient.html?app=5ad60a2e-9555-4011-95e8-8e7923ec0cdc#dataType=Sample;group=2;parentdataType=Plate;recordId=2028775;view=dataRecord	37191
TST12145	TST12145	B9	B	9	U1-WT-500-BIO2197294-3	RNA	ELN Illumina RNA Sequencing	276.6	20	8.53		Homo sapiens									U1_WT_500_BIO2197294									5/5/23 9:58		Biogen_Production	469	2028709	REQ100435	2028710	BRP100668	2028776		https://ngslims.biogen.com:8443/veloxClient/VeloxClient.html?app=5ad60a2e-9555-4011-95e8-8e7923ec0cdc#dataType=Sample;group=2;parentdataType=Plate;recordId=2028776;view=dataRecord	37192
TST12145	TST12145	C9	C	9	U1-WT100-EtOH-4	RNA	ELN Illumina RNA Sequencing	314.9	20	8.14		Homo sapiens									U1_WT100_EtOH									5/5/23 9:58		Biogen_Production	469	2028709	REQ100435	2028710	BRP100668	2028777		https://ngslims.biogen.com:8443/veloxClient/VeloxClient.html?app=5ad60a2e-9555-4011-95e8-8e7923ec0cdc#dataType=Sample;group=2;parentdataType=Plate;recordId=2028777;view=dataRecord	37193
TST12145	TST12145	D9	D	9	U1-WT100-CHX-4	RNA	ELN Illumina RNA Sequencing	332.5	20	8.64		Homo sapiens									U1_WT100_CHX									5/5/23 9:58		Biogen_Production	469	2028709	REQ100435	2028710	BRP100668	2028778		https://ngslims.biogen.com:8443/veloxClient/VeloxClient.html?app=5ad60a2e-9555-4011-95e8-8e7923ec0cdc#dataType=Sample;group=2;parentdataType=Plate;recordId=2028778;view=dataRecord	37194
TST12145	TST12145	E9	E	9	U1-WT500-EtOH-4	RNA	ELN Illumina RNA Sequencing	325.2	20	8.37		Homo sapiens									U1_WT500_EtOH									5/5/23 9:58		Biogen_Production	469	2028709	REQ100435	2028710	BRP100668	2028779		https://ngslims.biogen.com:8443/veloxClient/VeloxClient.html?app=5ad60a2e-9555-4011-95e8-8e7923ec0cdc#dataType=Sample;group=2;parentdataType=Plate;recordId=2028779;view=dataRecord	37195
TST12145	TST12145	F9	F	9	U1-WT500-CHX-4	RNA	ELN Illumina RNA Sequencing	307.1	20	8.5		Homo sapiens									U1_WT500_CHX									5/5/23 9:58		Biogen_Production	469	2028709	REQ100435	2028710	BRP100668	2028780		https://ngslims.biogen.com:8443/veloxClient/VeloxClient.html?app=5ad60a2e-9555-4011-95e8-8e7923ec0cdc#dataType=Sample;group=2;parentdataType=Plate;recordId=2028780;view=dataRecord	37196
TST12145	TST12145	G9	G	9	U1-mut1-100-EtOH-4	RNA	ELN Illumina RNA Sequencing	322.5	20	8.61		Homo sapiens									U1_mut1_100_EtOH									5/5/23 9:58		Biogen_Production	469	2028709	REQ100435	2028710	BRP100668	2028781		https://ngslims.biogen.com:8443/veloxClient/VeloxClient.html?app=5ad60a2e-9555-4011-95e8-8e7923ec0cdc#dataType=Sample;group=2;parentdataType=Plate;recordId=2028781;view=dataRecord	37197
TST12145	TST12145	H9	H	9	U1-mut1-100-CHX-4	RNA	ELN Illumina RNA Sequencing	340.2	20	7.1		Homo sapiens									U1_mut1_100_CHX									5/5/23 9:58		Biogen_Production	469	2028709	REQ100435	2028710	BRP100668	2028782		https://ngslims.biogen.com:8443/veloxClient/VeloxClient.html?app=5ad60a2e-9555-4011-95e8-8e7923ec0cdc#dataType=Sample;group=2;parentdataType=Plate;recordId=2028782;view=dataRecord	37198
TST12145	TST12145	A10	A	10	U1-mut1-500-EtOH-4	RNA	ELN Illumina RNA Sequencing	330.2	20	8.47		Homo sapiens									U1_mut1_500_EtOH									5/5/23 9:58		Biogen_Production	469	2028709	REQ100435	2028710	BRP100668	2028783		https://ngslims.biogen.com:8443/veloxClient/VeloxClient.html?app=5ad60a2e-9555-4011-95e8-8e7923ec0cdc#dataType=Sample;group=2;parentdataType=Plate;recordId=2028783;view=dataRecord	37199
TST12145	TST12145	B10	B	10	U1-mut1-500-CHX-4	RNA	ELN Illumina RNA Sequencing	224.9	20	8.73		Homo sapiens									U1_mut1_500_CHX									5/5/23 9:58		Biogen_Production	469	2028709	REQ100435	2028710	BRP100668	2028784		https://ngslims.biogen.com:8443/veloxClient/VeloxClient.html?app=5ad60a2e-9555-4011-95e8-8e7923ec0cdc#dataType=Sample;group=2;parentdataType=Plate;recordId=2028784;view=dataRecord	37200
TST12145	TST12145	C10	C	10	U1-mut2-100-EtOH-4	RNA	ELN Illumina RNA Sequencing	328.2	20	8.37		Homo sapiens									U1_mut2_100_EtOH									5/5/23 9:58		Biogen_Production	469	2028709	REQ100435	2028710	BRP100668	2028785		https://ngslims.biogen.com:8443/veloxClient/VeloxClient.html?app=5ad60a2e-9555-4011-95e8-8e7923ec0cdc#dataType=Sample;group=2;parentdataType=Plate;recordId=2028785;view=dataRecord	37201
TST12145	TST12145	D10	D	10	U1-mut2-100-CHX-4	RNA	ELN Illumina RNA Sequencing	318.7	20	7.57		Homo sapiens									U1_mut2_100_CHX									5/5/23 9:58		Biogen_Production	469	2028709	REQ100435	2028710	BRP100668	2028786		https://ngslims.biogen.com:8443/veloxClient/VeloxClient.html?app=5ad60a2e-9555-4011-95e8-8e7923ec0cdc#dataType=Sample;group=2;parentdataType=Plate;recordId=2028786;view=dataRecord	37202
TST12145	TST12145	E10	E	10	U1-mut2-500-EtOH-4	RNA	ELN Illumina RNA Sequencing	286.1	20	8		Homo sapiens									U1_mut2_500_EtOH									5/5/23 9:58		Biogen_Production	469	2028709	REQ100435	2028710	BRP100668	2028787		https://ngslims.biogen.com:8443/veloxClient/VeloxClient.html?app=5ad60a2e-9555-4011-95e8-8e7923ec0cdc#dataType=Sample;group=2;parentdataType=Plate;recordId=2028787;view=dataRecord	37203
TST12145	TST12145	F10	F	10	U1-mut2-500-CHX-4	RNA	ELN Illumina RNA Sequencing	291.5	20	8.03		Homo sapiens									U1_mut2_500_CHX									5/5/23 9:58		Biogen_Production	469	2028709	REQ100435	2028710	BRP100668	2028788		https://ngslims.biogen.com:8443/veloxClient/VeloxClient.html?app=5ad60a2e-9555-4011-95e8-8e7923ec0cdc#dataType=Sample;group=2;parentdataType=Plate;recordId=2028788;view=dataRecord	37204
TST12145	TST12145	G10	G	10	Branaplam-EtOH-4	RNA	ELN Illumina RNA Sequencing	402.7	20	7.57		Homo sapiens									Branaplam_EtOH									5/5/23 9:58		Biogen_Production	469	2028709	REQ100435	2028710	BRP100668	2028789		https://ngslims.biogen.com:8443/veloxClient/VeloxClient.html?app=5ad60a2e-9555-4011-95e8-8e7923ec0cdc#dataType=Sample;group=2;parentdataType=Plate;recordId=2028789;view=dataRecord	37205
TST12145	TST12145	H10	H	10	Branaplam-CHX-4	RNA	ELN Illumina RNA Sequencing	334.6	20	7.45		Homo sapiens									Branaplam_CHX									5/5/23 9:58		Biogen_Production	469	2028709	REQ100435	2028710	BRP100668	2028790		https://ngslims.biogen.com:8443/veloxClient/VeloxClient.html?app=5ad60a2e-9555-4011-95e8-8e7923ec0cdc#dataType=Sample;group=2;parentdataType=Plate;recordId=2028790;view=dataRecord	37206
TST12145	TST12145	A11	A	11	BIO2197294-EtOH-4	RNA	ELN Illumina RNA Sequencing	351.2	20	8		Homo sapiens									BIO2197294_EtOH									5/5/23 9:58		Biogen_Production	469	2028709	REQ100435	2028710	BRP100668	2028791		https://ngslims.biogen.com:8443/veloxClient/VeloxClient.html?app=5ad60a2e-9555-4011-95e8-8e7923ec0cdc#dataType=Sample;group=2;parentdataType=Plate;recordId=2028791;view=dataRecord	37207
TST12145	TST12145	B11	B	11	BIO2197294-CHX-4	RNA	ELN Illumina RNA Sequencing	326.9	20	7.46		Homo sapiens									BIO2197294_CHX									5/5/23 9:58		Biogen_Production	469	2028709	REQ100435	2028710	BRP100668	2028792		https://ngslims.biogen.com:8443/veloxClient/VeloxClient.html?app=5ad60a2e-9555-4011-95e8-8e7923ec0cdc#dataType=Sample;group=2;parentdataType=Plate;recordId=2028792;view=dataRecord	37208
TST12145	TST12145	C11	C	11	BIO2195127-EtOH-4	RNA	ELN Illumina RNA Sequencing	366.3	20	7.6		Homo sapiens									BIO2195127_EtOH									5/5/23 9:58		Biogen_Production	469	2028709	REQ100435	2028710	BRP100668	2028793		https://ngslims.biogen.com:8443/veloxClient/VeloxClient.html?app=5ad60a2e-9555-4011-95e8-8e7923ec0cdc#dataType=Sample;group=2;parentdataType=Plate;recordId=2028793;view=dataRecord	37209
TST12145	TST12145	D11	D	11	BIO2195127-CHX-4	RNA	ELN Illumina RNA Sequencing	336.1	20	7.2		Homo sapiens									BIO2195127_CHX									5/5/23 9:58		Biogen_Production	469	2028709	REQ100435	2028710	BRP100668	2028794		https://ngslims.biogen.com:8443/veloxClient/VeloxClient.html?app=5ad60a2e-9555-4011-95e8-8e7923ec0cdc#dataType=Sample;group=2;parentdataType=Plate;recordId=2028794;view=dataRecord	37210
TST12145	TST12145	E11	E	11	DMSO-EtOH-4	RNA	ELN Illumina RNA Sequencing	368.6	20	7.6		Homo sapiens									DMSO_EtOH									5/5/23 9:58		Biogen_Production	469	2028709	REQ100435	2028710	BRP100668	2028795		https://ngslims.biogen.com:8443/veloxClient/VeloxClient.html?app=5ad60a2e-9555-4011-95e8-8e7923ec0cdc#dataType=Sample;group=2;parentdataType=Plate;recordId=2028795;view=dataRecord	37211
TST12145	TST12145	F11	F	11	DMSO-CHX-4	RNA	ELN Illumina RNA Sequencing	277.1	20	8.8		Homo sapiens									DMSO_CHX									5/5/23 9:58		Biogen_Production	469	2028709	REQ100435	2028710	BRP100668	2028796		https://ngslims.biogen.com:8443/veloxClient/VeloxClient.html?app=5ad60a2e-9555-4011-95e8-8e7923ec0cdc#dataType=Sample;group=2;parentdataType=Plate;recordId=2028796;view=dataRecord	37212
TST12145	TST12145	G11	G	11	U1-WT-500-Branaplam-4	RNA	ELN Illumina RNA Sequencing	393.9	20	7.8		Homo sapiens									U1_WT_500_Branaplam									5/5/23 9:58		Biogen_Production	469	2028709	REQ100435	2028710	BRP100668	2028797		https://ngslims.biogen.com:8443/veloxClient/VeloxClient.html?app=5ad60a2e-9555-4011-95e8-8e7923ec0cdc#dataType=Sample;group=2;parentdataType=Plate;recordId=2028797;view=dataRecord	37213
TST12145	TST12145	H11	H	11	U1-WT-500-BIO2197294-4	RNA	ELN Illumina RNA Sequencing	292.9	20	7.8		Homo sapiens									U1_WT_500_BIO2197294									5/5/23 9:58		Biogen_Production	469	2028709	REQ100435	2028710	BRP100668	2028798		https://ngslims.biogen.com:8443/veloxClient/VeloxClient.html?app=5ad60a2e-9555-4011-95e8-8e7923ec0cdc#dataType=Sample;group=2;parentdataType=Plate;recordId=2028798;view=dataRecord	37214